group,subgroup,number,title,A-Ed,A-El,A-GÖ,A-HE,A-KN,A-Wgm,A-WIL,A-Wn,CZ-Pak,D-B,H-Bn,H-Gk,H-VEs,Dopf,WinMa,PetWe,PetSi,HarIn,HarCa,other,literature,notes
A,,1,Fasciculus Myrhae Dilectus oder das geliebte Myrhen-Büschlein,,,,,,III 17705 ,,,,,,,,,,,,,I.A.1,,"@Warner1965, @Harich1976, @Farkas1994, @Pernerstorfer2020",
A,,2,Schmerzhafter Wiederhall des David’schen Thränenliedes,,,,,,III 17708,,,,,,,,,,,,,I.A.2,,"@Warner1965, @Harich1976, @Farkas1994",
A,,3,"Die betrübte Tochter Zion, oder die unter dem Kreutz nach Ruhe verlangende Seele",,,,,,III 17706,,,,,,,,,,,,,I.A.3,,"@Warner1965, @Harich1976, @Farkas1994",
A,,4,"Mater dolorum das ist: die schmerzhafte Mutter, bei dem letzten Athemzug ihres geliebten Sohnes, und dessen Kreutzabnehmung und Begräbniß",,,,,,III 17709,,,,,,,,,,,,,I.A.4,,"@Warner1965, @Harich1976, @Farkas1994",
A,,5,"Der so eyfrig in sein Schäflein Verliebte, und zugleich wegen deßelben Verlust Betrübte Anbey mit gröster Sorg und Fleiß allweg herumsuchende Gute Hiert",,,,,,,,,,,Ms.mus III.1,,,,,,,,I.A.5,,"@Sauer1809 [fol. 13v, no. 521], @Harich1976, @Farkas1994, @Schlader2019, @Schlader2020",
A,,6,Die Von dem Stolzen Holoferne Bis zum Todt Gebreste Sünd durch die Tapfere Judith Von ihren Feind erlöste Stadt Bethulia,,,,,,,,,,,Ms.mus III.2,,,,,,,,I.A.6,,"@Sauer1809 [fol. 13v, no. 529], @Somfai1963, @Harich1976, @Farkas1994",
A,,7,"Der So treu= als heyllos wider seinen sanfftmüthigen Vatter DAVID rebellirende Sohn ABSOLON Oder Der dadurch Vorgebildete, und wider seinen so Liebreichen GOTT Sich hartnäckig wider setzende Sünder",,,,,,,,,,,Ms.mus III.3,,,,,,,,I.A.7,,"@Sauer1809 [fol. 13v, no. 530], @Somfai1963, @Harich1976, @Farkas1994",
A,,8,"Der Von seinen boßhafften Brüdern in dass Elend verstossene und nachmal biß zum Thron der ehren erhobene keusche Joseph. Oder Der dadurch vorgestelte unß so gütigst leydend, und also in seine Herrlichkeit eingehende Heyland Jesus Christus",,,,,,III 17702,,,,,,,,,,,,,I.A.8,,"@Warner1965, @Harich1976, @Farkas1994",
A,,9,Die allgemeine Auferstehung deren Todten mit dem darauf erfolgenden Letzten Gericht,,,,,,,,,,,Ms.mus III.4,,,,,,,,I.A.9,,"@Sauer1809 [fol. 13v, no. 522], @Harich1976, @Farkas1994",
A,,10,"Die glückh=seeligst Vermählte und biß zum höchsten Gipfel der ehren erhobene Durchlauchtigste Braut ESTHER mit dem Grossen Indianer König und mächtigen weld Monarchen ASSUERO Oder Der dadurch Figur weiß vorgebildete, und mit seiner auserwöhlten Kirch sich in Geist vermählende Liebs= und Blut=Bräutigam Christus Jesus",,,,,,,,,,,Ms.mus III.5,,,,,,,,I.A.10,,"@Sauer1809 [fol. 13v, no. 528], @Somfai1963, @Harich1976, @Farkas1994",
A,,11,Der Von der Gerechtigkeit abgeschröckte und Durch die Barmherzigkeit wiederum bewegte Bußfertige und zu seinem Liebreichen Vatter Vertraungs=voll zurück-kehrende VERLOHRENE SOHN oder Der zu Seinen Verliebten Heyland Sich wendende reumüthige Sünder,,,,,,,,,,,Ms.mus III.6,,,,,,,,I.A.11,,"@Sauer1809 [fol. 13v, no. 525], @Somfai1963, @Harich1976, @Farkas1994",
A,,12,Job,,,,,,,,,,,Ms.mus III.7,,,,,,,,I.A.12,,"@Sauer1809 [fol. 13v, no. 524], @Somfai1963, @Harich1976, @Farkas1994",
A,,13,Die wegen dem Fall ADAMs zu dem zeitlich als ewigen Untergang trachtend höchst-erzörnte Gerechtigkeit. Doch endlich auch glücklich besieget von der auf all ersinnliche Hilfs-Mittel bedachten Barmherzigkeit,,,,,,,,,,,Ms.mus III.8,,,,,,,,I.A.13,,"@Sauer1809 [fol. 13v, no. 523], @Somfai1963, @Harich1976, @Farkas1994",
A,,14,"Die durch des Neides Trieb auf das grimmigst gehaste Tugend oder der von dem rasenden König SAUL, so saust- als Heldenmüthig bis zum Tod verfolgte DAVID",,,,,,,,,,,Ms.mus III.9,,,,,,,,I.A.14,,"@Sauer1809 [fol. 13v, no. 527], @Harich1976, @Farkas1994, @Schlader2019, @Schlader2020",
A,,15,Daniel,,,,,,,,,,,Ms.mus III.10,,,,,,,,I.A.15,,"@Sauer1809 [fol. 13v, no. 520], @Harich1976, @Farkas1994, @Schlader2019, @Schlader2020",
A,,16,Der Tod des heiligen Johann von Nepomuk ,,,,,,III 17704,,,,,,,,,,,,,I.A.16,,"@Warner1965, @Harich1976, @Farkas1994",
A,,17,Tobias,,,,,,III 17707,,,,,,,,,,,,,I.A.17,,"@Warner1965, @Harich1976, @Farkas1994",
A,,18,"Antiochus der wüntende Tyrann, und Vorbild des künftigen Antichrist, bestürmet den geheiligten Tempel Gottes, erwürget auch einen grossen Theil der Israeliten. Judas Machabeus, der Heldenmüthige Krieges-Fürst, besieget ihn hingegen durch die mächtige Hand des Herrn. Allen derley stolzirenden Feinden zu einem schröckbaren Beyspiel",,,,,,,,,,,Ms.mus III.11,,,,,,,,I.A.19,,"@Sauer1809 [fol. 13v, no. 526], @Harich1976, @Farkas1994",
A,,19,"Deborah, ein VVeIb Von Gott erkIest, als StIze SeIner FreVnDen; IaheL, eIn VVeIb, so Gott erVVähLet zVr GeIseL SeIner FeInDen. Erwießen durch der untergang des König Jabins Feld Hauptmann Sisera",,,,,,III 17703,,,,,Ms.mus III.12,,,,,,,,I.A.20,,"@Sauer1809 [fol. 13v, no. 519], @Warner1965, @Harich1976, @Farkas1994",
A,,L1,"Die drey Pilgräme Wallfahrtende nach dem H. Grab zu Jerusalem, Folgends Von einer Einsidlerin herumwärts begleitet, zu ihrer, und aller eyfrigen Christen heylsamen Erinnerung des bittren und schmerzhaften Leydens unseres gebenedeyten Heylands JESU CHRISTI",,,,,,,,,,,,,,,,,,,I.A.18,,"@Harich1976, @Farkas1994",
A,,L2,"Oratorium Imum, Grabmusik von Leyden Jesu Christi",,,,,,,,,,,,,,,,,,,I.A.21,,"@Harich1976, @Farkas1994",
A,,L3,Oratorium IIdum,,,,,,,,,,,,,,,,,,,I.A.22,,"@Harich1976, @Farkas1994",
B,,1,Missa Trinitas in Unitate veneranda,A 74,,,VIII a 6 [600090689],,I 59630,,,,,Ms.mus III.14,,,40,27,,,,"I.B.19, I.B.22",,"@EsterhazyInv1805 [fol. 2r, no. 19]",
B,,2,Missa,A 71,,,,,I 59597,,,,,Ms.mus III.15,,,8,48,,,,I.B.75,,@WinklerKlement2013 [p. 54],A-Ed A 71 lost/not digitized
B,,3,Missa Victoriosa,,,,,,,,,,,Ms.mus III.16,,,,15,,,,I.B.64,,"@EsterhazyInv1805 [fol. 2r, no. 22]",
B,,4,Missa Intendi mi,,,,,,,,,,,Ms.mus III.17,,,,28,,,,I.B.7,,"@EsterhazyInv1805 [fol. 2r, no. 16]",
B,,5,Missa Annuntio vobis gaudium,,,,,,,,,,,Ms.mus III.18,,,,29,,,,I.B.2,,"@EsterhazyInv1805 [fol. 2r, no. 15]",
B,,6,Missa Sunt bona mixta malis,,,,,,,,,,,Ms.mus III.19,,,,6,,,,I.B.36,,"@Jones1996, @EsterhazyInv1805 [fol. 2r, no. 17]",
B,,7,Missa in contrapuncto,,,,,,I 59592 | I 73643/1,,Mus.Hs.15584 (1),,,Ms.mus III.20,"AMC, W. 82.",,3,30,,,,"I.B.5, I.B.11",,"@Bardos1980 [p. 539, no. 1512a], @Jones1996 [p. 92]",H-Gk also comprises a Gloria by Benedek Istvánffy
B,,8,Missa Divi Francisci de Hyeronimo,A 62,,,,,I 59615,,,,,Ms.mus III.21,,,26,1,,,,I.B.41,,"@Meyer2020 [p. 91], @WinklerKlement2013 [p. 37]",
B,,9,Missa Sanctae Theclae,A 55,,,,,I 59613,,,,,Ms.mus III.22,,,24,2,,,,,,"@KlosterneuburgInvA [p. 26, no. 6], @Meyer2020 [p. 88f], @WinklerKlement2013 [p. 25]",A-KN source lost
B,,10,Missa vox clamantis,A 94,,,VIII a 6 [600090690],,I 59606,,,,,Ms.mus III.23,"AMC, W. 84.",,17,7,,,,I.B.37,,"@Bardos1980 [p. 543, no. 1524], @WinklerKlement2013 [p. 72]",
B,,11,Missa in Celeri Transitu,,,,,940/1,,,,,,Ms.mus III.24,"AMC, *W 158",,,50,,,II.5,"I.B.31, I.B.43, I.B.52",A-SEI F XXII 7 a,"@KlosterneuburgInvA [p. 9, no. 1], @KlosterneuburgInvB [p. 119, no. 1], @KlosterneuburgInvC [vol. 1, p. 23, no. 157], @EsterhazyInv1805 [fol. 3v, no. 23]",
B,,12,Missa Quare quia,A 77,,652,,,I 59599,,,,,Ms.mus III.25,,,10,46,,,,I.B.14,,"@Riedel1979 [p. 107], @WinklerKlement2013 [p. 64], @EsterhazyInv1805 [fol. 3v, no. 19]",
B,,13,Missa Iam hyems transyt,,,,,,,,,,,Ms.mus III.26,,,,31,,,,I.B.6,,,
B,,14,Missa,,,,,,,,,,,Ms.mus III.27,,,,16,,,,I.B.65,,"@EsterhazyInv1805 [fol. 2r, no. 18]",
B,,15,Missa,,,,,,,,,,,Ms.mus III.28,,,,58,,,,I.B.50,,"@EsterhazyInv1805 [fol. 3v, no. 17]",
B,,16,Missa solemnis in holocaustum,A 58,,,,,I 59621,,,,,Ms.mus III.29,,,31,51,,,,I.B.51,,"@WinklerKlement2013 [p. 29], @EsterhazyInv1805 [fol. 3v, no. 21]",
B,,17,Missa alacrioris animi/Estote hilarioris animi,A 53,,,,,,,,,,Ms.mus III.30,,,,32,,,,I.B.1,,@WinklerKlement2013 [p. 22],
B,,18,Missa in minimis Festis/novae institutionis,A 61,,,,,I 59605,,,,,Ms.mus III.31,"AMC, *W 159",,16,8,,,,"I.B.32, I.B.59",,"@WinklerKlement2013 [p. 35], @EsterhazyInv1805 [fol. 2r, no. 20]",
B,,19,Missa solitaria/solitudinis,A 65,,,,,I 59623,,,,,Ms.mus III.32,"AMC, W. 85.",,33,59,,,,I.B.48,,"@Bardos1980 [p. 543, no. 1526], @WinklerKlement2013 [p. 42], @EsterhazyInv1805 [fol. 3v, no. 20]",
B,,20,Missa Sancti Floriani Martyris,,,,,,I 59626,,,,,Ms.mus III.33,"AMC, W. 86.",,36,67,,,,I.B.77,,"@Bardos1980 [p. 543, no. 1525]",Dopf also mentions A-Ed source
B,,21,Missa Quasi vero,A 78,,,,,I 5341 | I 59617,,,,,Ms.mus III.34,,,28,52,,,,I.B.47,,"@Jones1996 [p. 109], @WinklerKlement2013 [p. 66]",
B,,22,Missa Festivalis e brevis,A 80,,,,,I 59633,,,,,Ms.mus III.35,,,43,17,,,,I.B.57,,"@WinklerKlement2013 [p. 68], @EsterhazyInv1805 [fol. 3v, no. 24]",
B,,23,Missa contrapunctata,,,,,,I 35471 | I 59590,,F115.St.Karl.XIII/416,,,Ms.mus III.36,,,1,33,,,,I.B.10,,@Jones1996 [p. 97ff],
B,,24,Missa in Solemnitate brevis,A 57,,,,,,,,,,Ms.mus III.41,,,,34,,,,I.B.12,,,
B,,25,Missa Sancti Constantii Martyris,,,,VIII a 6 [600090687],,I 59601,,,,,Ms.mus III.42,,,12,18,,,,"I.B.63, I.B.66",,,
B,,26,Missa festivalis in honorem Divi Peregrini,A 81,,,,,I 59604,,,,,Ms.mus III.43,,,15,19,,,,I.B.58,,"@Meyer2020 [p. 90f], @WinklerKlement2013 [p. 70]",
B,,27,Missa festiva Jam cursum consumavi,A 52,,,,,I 59616,,,,,Ms.mus III.44,,,27,53,,,,I.B.42,,@WinklerKlement2013 [p. 20],
B,,28,Missa alla Zoppa,A 66,,,,,I 59602,,,,,Ms.mus III.45,,,13,20,,,,I.B.54,,"@Jones1996 [p. 109], @WinklerKlement2013 [p. 44]",
B,,29,Missa Breves sunt dies hominis,,,,,,,,,,,Ms.mus III.46,,,,9,,,,I.B.27,F-Pn MS-2231,"@EsterhazyInv1805 [fol. 3v, no. 18]",
B,,30,Missa Tota spes mea inter optimum Deum,,,,,,,,,,,Ms.mus III.47,,,,35,,,,I.B.18,,,
B,,31,Missa Laetatus sum in tribulatione,A 49,,,,,,,,,,Ms.mus III.48,,,,10,,,,I.B.33,,,
B,,32,Missa Quis ut Deus?,,,,,,,,,,,Ms.mus III.49,,,,36,,,,I.B.15,,"@EsterhazyInv1805 [fol. 2r, no. 21]",
B,,33,Missa in honorem Matris meae Virginis Mariae,A 68,,,,,I 59612,,,,,Ms.mus III.50,,,23,3,,,,I.B.70,,@WinklerKlement2013 [p. 48],
B,,34,Missa Divini amoris,,,,,,,,,,,Ms.mus III.51,,,,21,,,,I.B.56,,"@EsterhazyInv1805 [fol. 2r, no. 23]",
B,,35,Missa primitiva,A 51,,,,,I 59628,,,,,Ms.mus III.52,"AMC, Miss. 10.",,38,37,,,,I.B.13,,"@Bardos1980 [p. 595, no. 1824], @Meyer2020 [p. 90], @WinklerKlement2013 [p. 18], @EsterhazyInv1805 [fol. 2r, no. 24]",
B,,36,Missa brevis in honorem Sancti Judae Thaddei,A 59,,,,,I 59607,,,,,Ms.mus III.53,,,18,11,,,,"I.B.28, I.B.72",,"@Meyer2020 [p. 90], @WinklerKlement2013 [p. 31], @EsterhazyInv1805 [fol. 3v, no. 22]",
B,,37,Missa variabilis,,,,,,,,,,,Ms.mus III.54,,,,54,,,,I.B.49,,,
B,,38,Missa,,,,,,,,,,,Ms.mus III.55,,,,38,,,,I.B.21,,"@EsterhazyInv1805 [fol. 2r, no. 25]",
B,,39,Missa Post nubila Phoebus,A 50,,,,,I 59596,,,,,,,,7,40,,,,I.B.17,,@WinklerKlement2013 [p. 16],
B,,40,Missa Vicit leo de tribu Juda,A 54,,,,,I 59631,,,,,,,,41,41,,,,I.B.20,,@WinklerKlement2013 [p. 23],
B,,41,Missa Mallo mori quam foedari,A 56,,,,,I 59614,,,,,,,,25,4,,,,I.B.71,,@WinklerKlement2013 [p. 27],
B,,42,Missa Laus Deo et nihil sine eo,A 60,,,,,I 59632,,,,,,"AMC, *W 160",,42,26,,,,I.B.60,,"@WinklerKlement2013 [p. 33], @EsterhazyInv1805 [fol. 3v, no. 15]",
B,,43,Missa in pace dormiam et requiescam,A 63,,,VIII a 6 [600090681],,I 59622,,,,,,,,32,60,,,,I.B.44,,"@WinklerKlement2013 [p. 39], @EsterhazyInv1805 [fol. 3v, no. 16]",
B,,44,Missa piae fiduciae,A 64,,,,,I 59608,,,,,,"AMC, *W 161",,19,12,,,,I.B.34,,@WinklerKlement2013 [p. 41],
B,,45,Missa Mixta cantu chorali et figurali,A 67,,,,,I 59624,,,,,,,,34,64,,,,,,@WinklerKlement2013 [p. 46],
B,,46,Missa Melioris spei,A 69,,,VIII a 6 [600090683],,I 59603,,Mus.Hs.23434 (3),,,,,,14,22,,,,I.B.61,,@WinklerKlement2013 [p. 50],A-Wn only Dona
B,,47,Benedictus,A 69a,,,,,,,,,,,,,,2,,,,,,@WinklerKlement2013 [p. 52],
B,,48,Missa festivalis Memento mei,A 70,,,,,I 59609,,,,,,,,20,13,,,,I.B.30,,@WinklerKlement2013 [p. 52],
B,,49,Missa pax vobis,A 72,,,,,I 59619 | I 59620,1140,,,,,,,30,57,,,II.11,I.B.85,,"@Mitterschiffthaler1979 [p. 255], @WinklerKlement2013 [p. 56]",
B,,50,Missa Solennis Alleluja,A 73,,,,,I 59595,,,,,,,,6,42,,,,I.B.16,,@WinklerKlement2013 [p. 58],
B,,51,Missa Hic labor hoc opus est,A 75,,,,,I 59625,,,,,,,,35,65,,,,I.B.76,,"@Jones1996 [p. 109], @WinklerKlement2013 [p. 60]",
B,,52,Missa Pauci sunt dies mei,A 76,,,,,I 59618,,,,,,,,29,56,,,,I.B.45,,@WinklerKlement2013 [p. 62],
B,,53,Missa Deus providebit,,,,VIII a 6 [600090678],,I 59600,,,,,,,,11,23,,,,I.B.55,,,
B,,54,Missa Annuntiationis BVM,,,,VIII a 6 [600090679],,I 59627,,,,,,,,37,43,,,,I.B.3,,,
B,,55,Missa Antiquo moderna,,,,VIII a 6 [600090680],,I 59598,,,,,,,,9,47,,,,I.B.4,,,
B,,56,Missa Laudate Dominum in sono tubae,,,,VIII a 6 [600090682],,I 59629,,,,,,,,39,44,,,I.10,"I.B.8, I.B.84",,,
B,,57,Missa quadragesima,,,,VIII a 6 [600090684],,I 59594,,,,,,,,5,61,,,,"I.B.40, I.B.46",SK-BRm Inv. 206,@Jones1996 [p. 92],contains an additional Credo and several fragments of unidentified works
B,,58,Missa Quasi modi geniti,,,,VIII a 6 [600090685],,I 59610,,,,,,,,21,14,,,,I.B.35,,,
B,,59,Missa Sancti Georgii,,,,VIII a 6 [600090686],,I 59636,,,,,,,,46,66,,,,I.B.78,,,
B,,60,Missa Sancti Erasmi,,,,VIII a 6 [600090688],,I 59611,,,,,,,,22,5,,,,I.B.73,,,
B,,61,Missa Pro quadragesima alla capella,,,,VIII a 6 [600090691],,I 59593,,,,,,,,4,24,,,,I.B.62,,@Jones1996 [p. 92],
B,,62,Missa Beatae Mariae Virginis,,,,,,,,,1341,,,,,,25,,,,,,@Stefan1985 [p. 264f],
B,,63,Missa lydia alla breve,,,,,,I 59591 | I 73643/2,,Mus.Hs.15584 (2),,,,,,2,45,,,,I.B.9,,@Jones1996 [p. 92],
B,,64,Missa Bonae spei,,,653,VIII a 6 [600090492],,I 59635,1143,,1342,,,,,45,49,,,I.16,I.B.79,A-SEI E VIII 3 e | D-OB MO 312,"@Mitterschiffthaler1979 [p. 255f], @Pausch1975 [p. 41f], @Prominczel2012 [p. 72, 490–492], @Stefan1985 [p. 265, no. 1426]",
B,,65,Missa Fiducia in Deum,,,,,,,,,1343,,,,,,55,,,I.3,"I.B.26, I.B.82",CZ-Bm A 20238,@Stefan1985 [p. 266],
B,,66,Missa Sancti Dominici,,,654,,,I 59634,,,,,,,,44,62,,,,,,@Riedel1979 [p. 107],
B,,67,Missa Quoniam hic est Deus,,,,,,,,,1344,,,,,,63,,,,,,@Stefan1985 [p. 266f],
B,,68,Missa,,,,VIII a 2,940/2,,,,,,,,,,,,,,I.B.67,A-SEI F XXII 7 b,"@KlosterneuburgInvB [p. 119, no. 2], @KlosterneuburgInvC [vol. 1, p. 23, no. 158]",
B,,69,Missa Pacem deposcimus omnes,,,,,,,,,,,Ms.mus III.39/3,"AMC, W. 83.",,,39,,,,"I.B.25, I.B.92d",,"@Bardos1980 [p. 543, no. 1523]",
B,,70,Missa Fiat pax in virtute tua,,,,,,,,,,,,"AMC, *W 157",,,,,,,I.B.69,,,"H-Gk source was reported as lost by @Harich1990, but has been rediscovered and is scheduled for digitization as of 2025-02"
B,,71,Missa,,,,,,,,,,,,,,,,,,,,CZ-Pkřiž XXXV A 200,,
B,,72,Missa,,,,,,,,,,,,,,,,,,,,CZ-Pkřiž XXXV A 203,,
B,,73,"Credo, Sanctus, Agnus Dei",,,,,,,,,,,,,,,,,,,,CZ-Pkřiž XXXV A 199,,
B,,74,Missa,,,,,,,,,,,Ms.mus III.39/1,,,,70,,,,"I.B.23, I.B.92b",,,
B,,75,Missa,,,,,,,,,,,Ms.mus III.39/2,,,,71,,,,"I.B.24, I.B.92c",,,
B,,76,Missa,,,,,,,,,,,Ms.mus III.39/4,,,,69,,,,"I.B.68, I.B.92e",,,
B,,77,Missa,,,,,,,,,,,Ms.mus III.39/5,,,,73,,,,"I.B.53, I.B.92a",,,
B,,L1,Missa Post tenbras spero lucem,,,,,,,,,,,,,,,74,,,I.7,I.B.87,,,only title known
B,,L2,Missa In te Domine Speravi,,,,,,,,,,,,,,,75,,,I.13,I.B.83,,,only title known
B,,L3,"Missa Si Deus pro nobis, qui contra nos",,,,,,,,,,,,,,,76,,,I.21,I.B.90,,,only title known
B,,L4,Missa Exultate justi,,,,,,,,,,,,,,,77,,,II.1,I.B.81,,,only title known
B,,L5,Missa Placebo Domino,,,,,,,,,,,,,,,78,,,II.16,I.B.86,,,only title known
B,,L6,Missa Declina a malo,,,,,,,,,,,,,,,79,,,II.22,I.B.80,,,only title known
B,,L7,Missa Sti. Gregorii alla Capella,,,,,,,,,,,,,,,80,,,II.24,I.B.88,,,only title known
B,,L8,Missa Sti. Joannis Nepomuceni in Contrapuncto,,,,,,,,,,,,,,,81,,,II.25,,,,only title known
B,,L9,Missa SS: innocentium a 3 parti,,,,,,,,,,,,,,,82,,,II.28,I.B.89,,,only title known
B,,S1,Missa brevissima,,,,,,,,,,,Ms.mus III.13,,,,,,,,I.B.29,,,"by Caldara [@WinklerKlement2020, p. 488]"
B,,S2,Missa,,,,,,,,,,,Ms.mus III.38/b,,,,,,,,,A-Ee KIR 1756,,by Vinzenz Maschek (see RISM 1001000845) or Pavel Maschek (RISM 452026052); H-Bn and A-Ee sources form one complete set of parts
B,,S3,Missa solemnis Noli timere pusiliis,A 48,,,,,,,,,,,,,,,,,,,,,by Sonnleithner (see RISM 603001524 and 600178493)
B,,S4,Missa,A 176,,,,,,,,,,,,,,,,,,I.B.38,,,by Scheibl (see RISM 600077536)
B,,S5,Missa,,,,,,,1144,,,,,,,,,,,,,A-Z I/187,@Mitterschiffthaler1979 [p. 255],other sources with different authors
B,,S6,Missa,,,,,,,,,,,,,,,,,,,,A-LA M 416,,
B,,S7,Missa,,,,,,,,,,,,,,,,,,,I.B.74,A-KR K 48/10 | A-KRO 1/40 | A-Z I/36,@Lindner2010 [p. 71],by Franz Raphael Werner
B,,S8,Missa,,,,,,,,,,,,,,,,,,,I.B.39,A-GR 36 | A-KR K 48/9 | A-RAN 94 | A-SB 1086 a | A-SEI E VIII 3 f | A-Z I/174 | CZ-K 524,,by Franz Raphael Werner
B,,S9,Missa,,,,,,,,,,,,,,,,,,,,A-Z I/175,,
B,,S10,Missa,,,,,,,,,,,Ms.mus III.39/6,,,,72,,,,"I.B.92f, I.I.9",A-KR C 8/662,"@Harich1975 [p. 13, no. I.1]",by Johann Michael Zacher
B,,S11,Missa,,,,,,,,,,,Ms.mus III.39/7,,,,68,,,,,,,by Johann Michael Haydn (MH 419)
C,,1,Requiem,,,,,,I 35472 | I 59638 | I 59639,,F100.Moder.58,,,Ms.mus III.37,"AMC, W. 93.",Requ.26,48,R 3,,,,I.C.6,,"@Warner1965, @Bardos1980 [p. 544, no. 1533], @Chase2003 [p. 175],  @Rovatkay2005, @Rovatkay2020 [p. 97], @Rostetter2023 [p. 1404, no. W/16]",Moder copied from A-Ed D 12 (now lost)
C,,2,Requiem,D 11,,,,,I 59637,,,,,Ms.mus III.56,"AMC, W. 94.",,47,R 1,,,XV.1,"I.C.1, I.C.3",,"@Warner1965, @Bardos1980 [p. 544, no. 1534], @Rovatkay2005, @Rovatkay2020 [p. 97], @WinklerKlement2013 [p. 87]",
C,,3,Requiem,,,,,,,,,,,Ms.mus III.57,,,,R 2,,,,I.C.5,,"@Warner1965, @Rovatkay2005, @Rovatkay2020",
C,,S1,Requiem,,,,,,,1141 [600077666],,,,,,,,,,,,,A-LIglisic 22 | A-SGG 040 | A-TAI 140,@Mitterschiffthaler1979 [p. 256],
C,,S2,Requiem,,,,,,,1141 [600077667],,,,,,,,,,,,,A-RAN 58 | A-TAI 141 | A-Z IV/38,@Mitterschiffthaler1979 [p. 256],
C,,S3,Requiem,D 12,,,,,,,,,,,,,,,,,,I.C.4,,@WinklerKlement2013 [p. 89],by Reutter (see RISM 550268293 and 450066705)
C,,S4,Dies irae,,,,,,,,,,,,,,,,,,,,D-DS Mus.ms 1294,,
D,1,1,Estote fortes in bello,B 43,,,,,,,F100.Moder.44,,,,,,,,,,,I.H.9,,@WinklerKlement2013 [p. 74],
D,1,2,Estote fortes in bello,B 44 (1),,,,,,,F100.Moder.43,,,,,,,,,,,I.H.15,,@WinklerKlement2013 [p. 75],A-Ed contains two works
D,1,3,Estote fortes in bello,B 44 (2),,,,,,,,,,,,,,,,,,,,@WinklerKlement2013 [p. 75],
D,1,4,Iam hyems transiit,B 46,,,,,,,,,,,,,,,,,,I.H.4,,@WinklerKlement2013 [p. 76],
D,1,5,Domum tuam Domine,B 48,,,,,,,F100.Moder.39,,,,,,,,,,III.30,"I.G.9, I.H.6",,,A-Ed Basso-2 is from a Salve Regina
D,1,6,"Tota pulchra es, Maria",B 49,,,,,,,,,,,,,,,,,,I.H.17,,@WinklerKlement2013 [p. 77],
D,1,7,Veni creator Spiritus,B 50,,,,,,,,,,,,,,,,,III.19 (?),"I.G.4, I.H.16, I.H.18",,@WinklerKlement2013 [p. 77],
D,1,8,Concussum est mare,B 51,,,,,,,F100.Moder.40,,,,,,,,,,III.41,"I.G.14, I.H.12, I.H.13",,@WinklerKlement2013 [p. 78],
D,1,9,Plaudentes virgini,B 52,,,,,,,F100.Moder.41,,,,,,,,,,,I.H.7,,@WinklerKlement2013 [p. 78],
D,1,10,Ecce homo sine quaerella,B 53,,,,,,,,,,,,,,,,,,I.H.14,,@WinklerKlement2013 [p. 79],autograph org part
D,1,11,Veni creator Spiritus,B 54,,,,,,,,,,,,,,,,,III.19 (?),"I.G.4, I.H.5",,@WinklerKlement2013 [p. 80],
D,1,12,Euge serve bone et fidelis,B 55,,,,,,,F100.Moder.42,,,,,,,,,,,"I.H.2, I.H.8",,@WinklerKlement2013 [p. 80],
D,1,13,Te invocamus te adoramus,B 57,,,,,,,,,,,,,,,,,,I.H.1,,@WinklerKlement2013 [p. 82],
D,1,14,In dedicatione templi ,B 58,,,,,,,,,,,,,,,,,,I.H.3,,@WinklerKlement2013 [p. 82],
D,1,15,Triumphales parate palmas,,56812,,,,,,,,,,,,,,,,,I.H.11,,"@WinklerKlement2013 [p. 82, 176]",A-Bl source was originally A-Ed B 56
D,1,16,Justus germinabit,,,,,,,,,,,,,,,,,,,,H-P W 19,"@Bardos1976 [p. 148, no. 312]",
D,2,1,In ecclesia Franciscus,,,,,,,,,,,Ms.mus III.58,,,,,,,III.25,"I.G.7, I.G.20",,,
D,2,2,Ad te Domine levavi,,,,,,,,,,,Ms.mus III.59,"AMC, W. 72.",,,,,,III.27,"I.F.2, I.G.8, I.G.25",,"@Bardos1980 [p. 539, no. 1513]",
D,2,3,In monte Oliveti,,,,,,,,,,,Ms.mus III.60,,,,,,,,I.G.26,,,
D,2,4,O Maria semper pia,,,,,,,,,,,Ms.mus III.61,,,,,,,,I.G.21,,,
D,2,5,Coelestia mortales sunt,B 42,,,,,,,,,,,,,,,,,,"I.H.10, I.N.21",,@WinklerKlement2013 [p. 74],
D,2,6,Surrexit Christus hodie,B 47,,,,,,,,,,,,,,,,,,I.G.23,,@WinklerKlement2013 [p. 76],
D,2,7,Gloria et honore,,,,,,,1145,,,,,,,,,,,III.38,I.G.11,,@Mitterschiffthaler1979 [p. 256],
D,2,8,Tradiderunt me,,,,,,,,,1345,,,,,,,,,,,,@Stefan1985 [p. 267],
D,2,9,Qui manducat meam carnem,,,,,,,,,,,,"AMC, W. 87.",,,,,,,I.G.24,,"@Bardos1980 [p. 544, no. 1527]",
D,2,10,Ave maris stella,,,1649,,,,,,,,,,,,,,,III.17,I.G.3,,@Riedel1979 [p. 259],
D,2,11,Lauda Sion,,,,,,,,,,,,,,,,,,III.47,I.G.18,A-Gdab Bad Aussee Ms 140,,
D,2,L1,Cantatibus organis,,,,,,,,,,,,,,,,,,III.3,I.G.1,,,only title known
D,2,L2,Veni sponsa,,,,,,,,,,,,,,,,,,III.12,I.G.2,,,only title known
D,2,L3,Caro mea,,,,,,,,,,,,,,,,,,III.20,I.G.5,,,only title known
D,2,L4,Amavit eum Dominus,,,,,,,,,,,,,,,,,,III.22,I.G.6,,,only title known
D,2,L5,Haec est dies,,,,,,,,,,,,,,,,,,III.31,I.G.10,,,only title known; probably identical to WerW D.1.15
D,2,L6,Quae est ista,,,,,,,,,,,,,,,,,,III.39,I.G.12,,,only title known
D,2,L7,O altitudo divitiarum,,,,,,,,,,,,,,,,,,III.42,I.G.15,,,only title known; probably identical to WerW D.1.13
D,3,1,Ecce quomodo moritur,B 61,,,,,,,F100.Moder.3,,,Ms.mus III.265,,,,,,,,I.Q.7,,@WinklerKlement2013 [p. 83],
D,3,2,3 Responsoria in Coena Domini,F 5,,,,,,,,,,,,,,,,,,I.Q.5,,"@Sauer1809 [fol. 13v, no. 531–533], @Czernin2018 [p. 224ff], @WinklerKlement2013 [p. 92]",likely belong to corresponding lamentations
D,3,3,3 Responsoria in Parasceve,F 6,,,,,,,,,,,,,,,,,,I.Q.4,,"@Sauer1809 [fol. 13v, no. 531–533], @WinklerKlement2013 [p. 93]",likely belong to corresponding lamentations
D,3,4,4 Responsoria pro Festo SS. Corporis Christi,F 32a,,,,,,,,,,,,,,,,,,I.Q.2,,@WinklerKlement2013 [p. 96],
D,3,5,Libera me,G 13/1 (D 13),,,,,,,F100.Moder.76/2,,,,,,,R 4,,,,I.C.2,,,A-Ed is archived under a wrong shelfmark (should be D 13)
D,3,6,3 Resonsoria in Sabbato Sancto,G 97 (F 7),,,,,,,,,,,,,,,,,,,,"@Sauer1809 [fol. 13v, no. 531–533]",likely belong to corresponding lamentations
D,3,7,2 Responsoria,,56815,,,,,,,,,,,,,,,,,I.Q.8,,"@WinklerKlement2013 [p. 83, 178]",A-Bl source was originally A-Ed B 60
D,3,S1,4 Responsoria pro Festo SS. Corporis Christi,F 32,,,,,,,,,,,,,,,,,,I.Q.3,,@WinklerKlement2013 [p. 95],probably by Franz Novotný
D,3,S2,2 Responsoria,,,,,,,,,,,Ms.mus III.342,,,,,,,,I.Q.6,,,by Iacobus Gallus
D,3,S3,27 Responsoria,,,,,,,,,,,Ms.mus III.38/a-1 | Ms.mus III.38/a-2 | Ms.mus III.38/a-3,,,,,,,,I.Q.1,,,by Georg Reutter (d.J.); HofR 187/2 to 189/4
D,4,1,Rorate coeli,,,,,,,,,,,Ms.mus III.62 (1),,,,,,,,I.D.3/1,A-Wps 126/2,,
D,4,2,Rorate coeli,,,,,,,,,,,Ms.mus III.62 (2),,,,,,,,I.D.3/2,,,
D,4,3,Rorate coeli,oblong convolute,,,,,,,,,,Ms.mus III.63,"AMC, W. 96.",,,,,,,I.D.4,,"@Bardos1980 [p. 545, no. 1535], @WinklerKlement2013 [p. 169]",
D,4,4,Rorate coeli,,,,,,,,,,,Ms.mus III.64,,Rorate 6,,,,,,I.D.5,A-Wps 126/1,"@Rostetter2023 [p. 1426, no. W/48]",
D,4,5,Rorate coeli,,,,,,,,,,,,,,,,,,,,"H-Sp Vpl, a) 4 [1001023508]","@Bardos1984 [p. 547, no. 682/1]",
D,4,6,Rorate coeli,,,,,,,,,,,,,,,,,,,,"H-Sp Vpl, a) 4 [1001023510]","@Bardos1984 [p. 547, no. 682/2]",
D,4,7,Rorate coeli,,,,,,,,,,,,"AMC, W. 95.",,,,,,,I.D.6,,"@Bardos1980 [p. 545, no. 1536]",
D,4,8,Rorate coeli,,,,,,,,,,,,,,,,,,,,"H-Sp Vpl, a) 6","@Bardos1984 [p. 547, no. 681]",
D,4,9,Rorate coeli,,,,,,,,,,,,,Rorate 7,,,,,,,,"@Rostetter2023 [p. 1426, no. W/49]",
D,5,1,Veni Sancte Spiritus,,,,,,,,,,,Ms.mus III.225,,,,,,,III.40,"I.G.13, I.N.24",,,
D,5,2,Pange lingua gloriosi,B 59,,,,,,,,,,Ms.mus III.341,,,,,,,,I.N.12,,@WinklerKlement2013 [p. 83],
D,5,3,O quam suavis es,,,,,,,,Mus.Hs.15974 (2),,,,,,,,,,,I.Mf.1,,,
D,5,4,Furiae vos divae abyssi volate,,,,,,,,,,,,,,,,,,,,D-MÜs SANT Hs 4312,,
D,5,5,Introibo in domum tuam,,,,,,,,,,,,"AMC, W. 73.",,,,,,,I.F.1,,"@Bardos1980 [p. 539, no. 1514]",
D,5,6,Amen,,,,,,,,Mus.Hs.15974 (1),,,,,,,1,,,,I.B.91,,,
D,5,L1,Benedictus Dominus Deus Israel (G minor),,,,,,,,,,,,,,,,,,,,,"@Paczkowski2019 [p. 161f], @Zelenka1739 [p.63]","for vour voices, instruments ad libitum; only title known"
D,5,L2,Asperges me,,,,,,,,,,,,,,,,,,,I.E.1,,,only appears in Hárich’s catalogue
D,5,S1,"Date rosas, date flores",,,,,,,,Mus.Hs.23434 (10),,,,,,,,,,,I.G.19,,,probably attributed to Werner since it is positioned between two known works by Werner in the collection
D,5,S2,Vidi aquam,,,,,,,,,,,Ms.mus III.344,,,,,,,,,,,by Deutsch
E,,1,Ave Maria klare,B 56 (E 52),,,,,,,,,,Ms.mus III.224,,,,,8,,,"I.N.20, I.R.19",CZ-Pr ARCH 2275,"@WinklerKlement2013 [p. 81, 91]",A-Ed: E 52 is wrongly archived here; actual B 56 is A-El 56812
E,,2,"O Mutter, Mutter meines Herren",,,,,,,,,,,Ms.mus III.250,,,,,39,,,I.R.11,,,
E,,3,Lasset alle Ketzer schwärmen,,,,,,,,,,,Ms.mus III.306,,,,,32,,,I.R.38,,"@Schlader2019, @Schlader2020",
E,,4,Maria Wurzel Davids,,,,,,,,,,,Ms.mus III.307,,,,,16,,,I.R.18,,,
E,,5,Seht! Wie der stolzen Schlangenhaupt,,,,,,,,,,,Ms.mus III.308,,,,,17,,,I.R.16,,,
E,,6,Wer Mariam recht will lieben,,,,,,,,,,,Ms.mus III.309,,,,,52,,,I.R.28,,,
E,,7,Was helfen mir weltliche Freuden,,,,,,,,,,,Ms.mus III.310,,,,,49,,,I.R.27,,,
E,,8,Alle die Verlangen tragen,E 42,,,,,,,,,,Ms.mus III.311,,,,,3,,,I.R.15,,,"A-Ed lost, mentioned in inventory of 1837"
E,,9,Beglückter Edens Garten,,,,,,,,,,,Ms.mus III.312,,,,,9,,,I.R.26,,,
E,,10,Alle Welt ist nun bedranget,,,,,,,,,,,Ms.mus III.313,,,,,4,,,I.R.29,,,
E,,11,Heut muß jene Sonne weichen,E 56,,,,,,,,,,Ms.mus III.314,,,,,19,,,I.R.25,,,"A-Ed lost, mentioned in inventory of 1837"
E,,12,Hier lieg ich in der Bahre,,,,,,,,,,,Ms.mus III.315,,,,,22,,,I.R.32,,,
E,,13,"Erbarmet euch, ihr Freund",,,,,,,,,,,Ms.mus III.316,,,,,13,,,I.R.12,,,
E,,14,Tauet ihr Himmel,E 44,,,,,,,,,,Ms.mus III.317,,,,,48,,,I.R.24,,,"A-Ed lost, mentioned in inventory of 1837"
E,,15,Thauet ihr Himmel,,,,,,,,,,,Ms.mus III.318,,,,,,,,I.R.21,,,only vlne part extant
E,,16,"Schönste Jungfrau, Vater allen",,,,,,,,,,,Ms.mus III.319,,,,,44,,XII.17,I.R.30,,,
E,,17,Heut trat der Jacobs Stern,,,,,,,,,,,Ms.mus III.320,,,,,20,,,I.R.23,,,
E,,18,Laßt ab von euren Trauern,E 25,,,,,,,,,,Ms.mus III.321,,,,,33,,,I.R.37,,"@Schlader2019, @Schlader2020","A-Ed lost, mentioned in inventory of 1837"
E,,19,So sei es dann beschlossen,,,,,,,,,,,Ms.mus III.322,,,,,47,,,I.R.20,,,
E,,20,"O Maria, hilff mir / Ich will treulich dir beistehen",,,,,,,,,,,Ms.mus III.323,,,,,24,,,I.R.14,,,
E,,21,Wer bist du doch mein Mensch,,,,,,,,,,,Ms.mus III.324,,,,,50,,,I.R.22,,,
E,,22,O du Zierde der Jungfrauen,E 46,,,,,,,,,,Ms.mus III.325,,,,,37,,,I.R.13,,,"A-Ed lost, mentioned in inventory of 1837"
E,,23,"Blitz, Hagel, Mordgetümmel",,,,,,,,,,,Ms.mus III.326,,,,,10,,,I.R.17,,,
E,,24,"O Maria, treib von dannen",E 53,,,,,,,,,,Ms.mus III.327,,,,,40,,,I.R.36,,"@Schlader2019, @Schlader2020","A-Ed lost, mentioned in inventory of 1837"
E,,25,Du vielgeliebtes Vaterland,,,,,,,,,,,Ms.mus III.328,,,,,11,,,I.R.35,,,
E,,26,Ihr blumenreiche Felder,,,,,,,,,,,Ms.mus III.329,,,,,26,,,I.R.31,,"@Schlader2019, @Schlader2020",
E,,27,Hört ihr Christen und laßt euch sagen,E 23,,,,,,,,,,Ms.mus III.330,,,,,23,,,I.T.6,,,"A-Ed lost, mentioned in inventory of 1837"
E,,28,O längſt erwünſchte Nacht,E 61,,,,,,,,,,Ms.mus III.331,,,,,38,,,I.T.7,,"@Schlader2019, @Schlader2020",
E,,29,So soll ich dann an heut,,,,,,,,,,,Ms.mus III.332,,,,,46,,,I.R.34,,,
E,,30,Laufet ihr Hirten geschwind,E 37,,,,,,,,,,Ms.mus III.333,,,,,34,,,I.T.5,,,
E,,31,An heut ist die Zeit,,,,,,,,,,,Ms.mus III.334,,,,,6,,,I.T.16,,,
E,,32,Wie gehts nä in dä Welt jetzt zu?,,,,,,,,,,,Ms.mus III.335,,,,,53,,,I.T.15,,,
E,,33,Wer da!,E 38,,,,,,,,,,Ms.mus III.336,,,,,51,,,I.T.4,,,"A-Ed lost, mentioned in inventory of 1837"
E,,34,Ehr sey Gott in den höchsten Thron,E 33,,,,,,,,,,Ms.mus III.337,,,,,12,,,I.T.11,,,
E,,35,"Ihr Hirten, ich muß euch was wunderbahrs sagn",E 31,,,,,,,,,,Ms.mus III.338,,,,,27,,,I.T.13,,,"A-Ed lost, mentioned in inventory of 1837"
E,,36,Gloria in excelsis Deo,E 54,,,,,,,,,,Ms.mus III.339,,,,,18,,XIII.6,"I.T.1, I.T.10, I.T.14",,,"A-Ed lost, mentioned in inventory of 1837"
E,,37,Kaum war die große Weltmaschin,,,,,,,,,,,Ms.mus III.340,,,,,30,,,I.R.33,,,
E,,38,Gloria in altissimis Deo,E 55,,,,,,,,,,,,,,,,,,,,,
E,,39,Wäll heut dä Tag so freudenreich,E 62,,,,,,,,,,,,,,,,,,I.T.12,,,
E,,40,Auf auf ihr Hirten allzugleich,E 47,56814,,,,,,,,,,,,,,7,,,,,"@WinklerKlement2013 [p. 91, 180]",A-Ed lost; A-El is Bärenreiter print 828
E,,L1,Alle meine Ehre (D major),E 5,,,,,,,,,,,,,,,,,,,,,"A-Ed lost, mentioned in inventory of 1837; no incipit known"
E,,L2,Zur Freuden erwachet (F major),E 8,,,,,,,,,,,,,,,,,,,,,"A-Ed lost, mentioned in inventory of 1837; no incipit known"
E,,L3,Frohlocket ihr Christen (C major),E 24,,,,,,,,,,,,,,,,,,,,,"A-Ed lost, mentioned in inventory of 1837; no incipit known"
E,,L4,Nun ist die größte Gnadenzeit (C major),E 26,,,,,,,,,,,,,,,,,,,,,"S solo; A-Ed lost, mentioned in inventory of 1837; no incipit known; maybe identical to L25"
E,,L5,Es hat kaum (F major),E 39,,,,,,,,,,,,,,,,,,,,,"S solo; A-Ed lost, mentioned in inventory of 1837; no incipit known"
E,,L6,Wer die arge Welt will fliehen (B♭ major),E 40,,,,,,,,,,,,,,,,,,,,,"T solo; A-Ed lost, mentioned in inventory of 1837; no incipit known"
E,,L7,Laßt finstere Wolken (B♭ major),E 41,,,,,,,,,,,,,,,,,,,,,"A-Ed lost, mentioned in inventory of 1837; no incipit known"
E,,L8,Nun will ich ein Solo singen (G major),E 43,,,,,,,,,,,,,,,,,,,,,"S solo; A-Ed lost, mentioned in inventory of 1837; no incipit known"
E,,L9,Auf auf zum Streit (B♭ major),E 45,,,,,,,,,,,,,,,,,,,,,"B solo; A-Ed lost, mentioned in inventory of 1837; no incipit known"
E,,L10,Die Vorhöll (F major),E 48,,,,,,,,,,,,,,,,,,,,,"S solo; A-Ed lost, mentioned in inventory of 1837; no incipit known"
E,,L11,Gegrüßet seyst (B♭ major),E 49,,,,,,,,,,,,,,,,,,,,,"S solo; A-Ed lost, mentioned in inventory of 1837; no incipit known"
E,,L12,O Maria sey gegrüßet (F major),E 50,,,,,,,,,,,,,,,,,,,,,"A-Ed lost, mentioned in inventory of 1837; no incipit known; maybe identical to L26"
E,,L13,Betracht mein Christ (F major),E 51,,,,,,,,,,,,,,,,,,,,,"A solo; A-Ed lost, mentioned in inventory of 1837; no incipit known"
E,,L14,O du verliebter Gott (F major),E 58,,,,,,,,,,,,,,,,,,,,,"T solo; A-Ed lost, mentioned in inventory of 1837; no incipit known"
E,,L15,Christen was wollet ihr (B♭ major),E 59,,,,,,,,,,,,,,,,,,,,,"A-Ed lost, mentioned in inventory of 1837; no incipit known"
E,,L16,"Ach, wer stimmet meine Wörter",,,,,,,,,,,,,,,,1,,XII.20,I.R.5,,,"A-Ed lost, mentioned in inventory of 1837; no incipit known"
E,,L17,"Ach sagt mir doch, ihr Berg und Thal",,,,,,,,,,,,,,,,2,,XII.22,I.R.6,,,"S, A solo; only some parts and title known"
E,,L18,Anheut hat Gott ein bsonders Werckh,,,,,,,,,,,,,,,,5,,XII.23,I.R.10,,,"S solo, clno, ob; only some parts and title known"
E,,L19,Ganz geheimnisvoll,,,,,,,,,,,,,,,,14,,XII.3,I.R.2,,,A solo; only some parts and title known
E,,L20,Geberlete Wellen,,,,,,,,,,,,,,,,15,,XII.32,I.R.9,,,A solo; only some parts and title known
E,,L21,Heut will sich Maria klagen,,,,,,,,,,,,,,,,21,,XII.25,I.R.8,,,B solo; only some parts and title known
E,,L22,Ihr Bethlemiter,,,,,,,,,,,,,,,,25,,XIII.12,I.T.3,,,A solo; only some parts and title known
E,,L23,Lasset nun fahren,,,,,,,,,,,,,,,,31,,XII.2,I.R.1,,,B solo; only some parts and title known
E,,L24,"Maria, due bist unser Freund",,,,,,,,,,,,,,,,35,,XII.23,I.R.7,,,"B solo, vlc; only some parts and title known"
E,,L25,Nun ist die Gnadenzeit,,,,,,,,,,,,,,,,36,,XIII.7,I.T.2,,,B solo; only some parts and title known; maybe identical to L4
E,,L26,"O Maria, wir dich grüßen",,,,,,,,,,,,,,,,41,,XII.7,I.R.4,,,"S, A solo; only some parts and title known; maybe identical to L12"
E,,L27,Sey immerhin fröhlich,,,,,,,,,,,,,,,,45,,XII.6,I.R.3,,,B solo; only some parts and title known
E,,S1,Wann der Himmel lasset fallen,E 10,,,,,,,,,,,,,,,,,,,,,attributed to Werner by later hand (pencil note on title page)
F,,1,O salutaris hostia,,,,,,,,,,,Ms.mus III.72 (2),,,,,,,,,,,
F,,2,Exultet coelum laudibus,M 26,,,,130 (1) [601001000],,,,,,Ms.mus III.209 (1),"AMC, W. 74. (1) [530012317]",Hymnus 112 a-b (26) [530003869],,,,,,I.N.38,,"@EsterhazyInv1812 [hymns no. 43], @EsterhazyInv1812 [hymns no. 43], @KlosterneuburgInvB [p. 421, no. 1], @Bardos1980 [p. 540, no. 1515/1], @WinklerKlement2013 [p. 159], @Rostetter2023 [p. 1421, no. W/34/25]",
F,,3,Exultet orbis gaudiis,M 28,,,,130 (2) [601001001],,,,,,Ms.mus III.209 (2) | Ms.mus III.212 (2/2) | Ms.mus III.222,"AMC, W. 74. (2) [530012318]",Hymnus 112 a-b (28) [530003871],,,,,,I.N.15,,"@EsterhazyInv1812 [hymns no. 44], @KlosterneuburgInvB [p. 421, no. 1], @Bardos1980 [p. 540, no. 1515/2], @WinklerKlement2013 [p. 160], @Rostetter2023 [p. 1421, no. W/34/27]",
F,,4,Vexilla regis,M 40,,,,130 (3) [601001002],,,F100.Moder.29/2,,,Ms.mus III.209 (3),"AMC, W. 74. (3) [530012319]",Hymnus 112 a-b (40) [530003882],,,,,,"I.N.65, I.N.71",,"@EsterhazyInv1812 [hymns no. 45], @KlosterneuburgInvB [p. 421, no. 1], @Bardos1980 [p. 540, no. 1515/3], @WinklerKlement2013 [p. 166], @Rostetter2023 [p. 1422, no. W/34/39]",
F,,5,Tibi Christe splendor patris,M 20,,,,130 (4) [601001003],,,,,,Ms.mus III.209 (4),"AMC, W. 74. (4) [530012320]",Hymnus 112 a-b (20) [530003863],,,,,,I.N.55,,"@EsterhazyInv1812 [hymns no. 46], @KlosterneuburgInvB [p. 421, no. 1], @Bardos1980 [p. 540, no. 1515/4], @WinklerKlement2013 [p. 156], @Rostetter2023 [p. 1420, no. W/34/19]",
F,,6,Jesu corona virginum,M 36,,,,130 (5) [601001004],,,,,,Ms.mus III.209 (5) | Ms.mus III.223,"AMC, W. 74. (5) [530012321]",Hymnus 112 a-b (36) [530003878],,,,,,I.N.48,,"@EsterhazyInv1812 [hymns no. 47], @KlosterneuburgInvB [p. 421, no. 1], @Bardos1980 [p. 540, no. 1515/5], @WinklerKlement2013 [p. 164], @Rostetter2023 [p. 1422, no. W/34/35]",
F,,7,Iste confessor Domini,M 29,56130,,,118/12 | 130 (6) [601001005],,,,,,Ms.mus III.209 (6) | Ms.mus III.211 (1),"AMC, W. 74. (6) [530012322]",Hymnus 112 a-b (29) [530003872],,,,,,"I.N.23, I.N.42",,"@EsterhazyInv1812 [hymns no. 48], @KlosterneuburgInvB [p. 421, no. 1, p. 422, no. 2], @Bardos1980 [p. 540, no. 1515/6], @WinklerKlement2013 [p. 160, 175], @Rostetter2023 [p. 1421, no. W/34/28]",
F,,8,Ave maris stella,M 34,,,,130 (7) [601001006],,,Mus.Hs.23434 (11),,Mus.ms. 30177 (7),Ms.mus III.209 (7) | Ms.mus III.212 (1) | Ms.mus III.212 (2/1),"AMC, W. 74. (7) [530012323]",Hymnus 112 a-b (34) [530003876] | Hymnus 112/c (2) | Hymnus 124,,,,,,"I.N.14, I.N.45",,"@EsterhazyInv1812 [hymns no. 49], @KlosterneuburgInvB [p. 421, no. 1], @Bardos1980 [p. 540, no. 1515/7], @WinklerKlement2013 [p. 163f], @Rostetter2023 [p. 1422, no. W/34/33, p. 1425, no. W/46]",A-Ed contains two copies
F,,9,Christe redemptor omnium,M 21,,,,130 (8) [601001007],,,,,Mus.ms. 23013 | Mus.ms. 23013/1 | Mus.ms. 23013/2 [452519575],Ms.mus III.209 (8) | Ms.mus III.211 (2) | Ms.mus III.217,"AMC, W. 74. (8) [530012324]",Hymnus 112 a-b (21) [530003864],,,,,,I.N.47,,"@EsterhazyInv1812 [hymns no. 50], @KlosterneuburgInvB [p. 421, no. 1], @Bardos1980 [p. 540, no. 1515/8], @WinklerKlement2013 [p. 157], @Rostetter2023 [p. 1421, no. W/34/20]",
F,,10,Iste confessor Domini,M 31,,,,130 (9) [601001008],,,,,,Ms.mus III.209 (9),"AMC, W. 74. (9) [530012325]",Hymnus 112 a-b (31) [530003874],,,,,,I.N.39,,"@EsterhazyInv1812 [hymns no. 51], @KlosterneuburgInvB [p. 421, no. 1], @Bardos1980 [p. 540, no. 1515/9], @WinklerKlement2013 [p. 161], @Rostetter2023 [p. 1421, no. W/34/30]",
F,,11,Christe redemptor omnium,M 2,,,,130 (10) [601001009],,,,,,Ms.mus III.209 (10) | Ms.mus III.214,"AMC, W. 74. (10) [530012326]",Hymnus 112 a-b (2) [530003845] | Hymnus 113,,,,,,I.N.66,,"@EsterhazyInv1812 [hymns no. 52], @KlosterneuburgInvB [p. 421, no. 1], @Bardos1980 [p. 540, no. 1515/10], @WinklerKlement2013 [p. 149], @Rostetter2023 [p. 1419, no. W/34/1, p. 1422, no. W/35]",A-Ed incomplete (only S and A)
F,,12,Deus tuorum militum,M 33,,,,130 (11) [601001010],,,,,,Ms.mus III.209 (11),"AMC, W. 74. (11) [530012327]",Hymnus 112 a-b (33) [530003875] | Hymnus 112/c (3),,,,,,I.N.10,,"@EsterhazyInv1812 [hymns no. 53], @KlosterneuburgInvB [p. 421, no. 1], @Bardos1980 [p. 540, no. 1515/11], @WinklerKlement2013 [p. 162], @Rostetter2023 [p. 1421, no. W/34/31, 32]",
F,,13,Salvete flores martyrum,M 19,,,,130 (12) [601001011],,,,,,Ms.mus III.209 (12),"AMC, W. 74. (12) [530012328]",Hymnus 112 a-b (19) [530003862],,,,,,I.N.56,,"@EsterhazyInv1812 [hymns no. 54], @KlosterneuburgInvB [p. 421, no. 1], @Bardos1980 [p. 540, no. 1515/12], @WinklerKlement2013 [p. 156], @Rostetter2023 [p. 1420, no. W/34/18]",
F,,14,Hostis Herodes impie,M 5,,,,130 (13) [601001012],,,,,,Ms.mus III.209 (13) | Ms.mus III.213,"AMC, W. 74. (13) [530012329]",Hymnus 112 a-b (5) [530003848] | Hymnus 115,,,,,,I.N.2,,"@EsterhazyInv1812 [hymns no. 55], @KlosterneuburgInvB [p. 421, no. 1], @Bardos1980 [p. 540, no. 1515/13], @WinklerKlement2013 [p. 149], @Rostetter2023 [p. 1419, no. W/34/4, p. 1423, no. W/37]",A-Ed incomplete (only S and A)
F,,15,Doctor egregie Paule,M 7,,,,130 (14) [601001013],,,,,,Ms.mus III.209 (14),"AMC, W. 74. (14) [530012330]",Hymnus 112 a-b (7) [530003850] | Hymnus 118,,,,,,I.N.11,,"@EsterhazyInv1812 [hymns no. 56], @KlosterneuburgInvB [p. 421, no. 1], @Bardos1980 [p. 540, no. 1515/14], @WinklerKlement2013 [p. 150], @Rostetter2023 [p. 1419, no. W/34/6, p. 1423, no. W/40]",
F,,16,Jesu dulcis memoria,M 6,,,,130 (15) [601001014],,,,,,Ms.mus III.209 (15) | Ms.mus III.221,"AMC, W. 74. (15) [530012331]",Hymnus 112 a-b (6) [530003849] | Hymnus 117,,,,,,I.N.67,,"@EsterhazyInv1812 [hymns no. 57], @KlosterneuburgInvB [p. 421, no. 1], @Bardos1980 [p. 540, no. 1515/15], @WinklerKlement2013 [p. 150], @Rostetter2023 [p. 1419, no. W/34/5, p. 1423, no. W/39]",
F,,17,Urbs Jerusalem beata,,,,,130 (16) [601001015],,,,,,Ms.mus III.209 (16) | Ms.mus III.219,"AMC, W. 74. (16) [530012332]",Hymnus 112 a-b (24) [530003867],,,,,,I.N.6,,"@EsterhazyInv1812 [hymns no. 58], @KlosterneuburgInvB [p. 421, no. 1], @Bardos1980 [p. 540, no. 1515/16], @Rostetter2023 [p. 1421, no. W/34/23]",
F,,18,Tristes erant Apostoli,M 9,,,,130 (17) [601001016],,,,,,Ms.mus III.209 (17),"AMC, W. 74. (17) [530012333]",Hymnus 112 a-b (9) [530003852] | Hymnus 123,,,,,,I.N.62,,"@EsterhazyInv1812 [hymns no. 59], @KlosterneuburgInvB [p. 421, no. 1], @Bardos1980 [p. 540, no. 1515/17], @WinklerKlement2013 [p. 151], @Rostetter2023 [p. 1420, no. W/34/8, p. 1424, no. W/45]",
F,,19,Salutis humanae sator,M 11,,,,130 (18) [601001017],,,,,,Ms.mus III.209 (18) | Ms.mus III.216,"AMC, W. 74. (18) [530012334]",Hymnus 112 a-b (11) [530003854] | Hymnus 112/c (1),,,,,,I.N.17,,"@EsterhazyInv1812 [hymns no. 60], @KlosterneuburgInvB [p. 421, no. 1], @Bardos1980 [p. 540, no. 1515/18], @WinklerKlement2013 [p. 152], @Rostetter2023 [p. 1420, no. W/34/10]",
F,,20,Veni creator Spiritus,M 13,,,,130 (19) [601001018],,,,,,Ms.mus III.209 (19) | Ms.mus III.220,"AMC, W. 74. (19) [530012335]",Hymnus 112 a-b (13) [530003856] | Hymnus 112/c (4),,,,,,I.N.16,,"@EsterhazyInv1812 [hymns no. 61], @KlosterneuburgInvB [p. 421, no. 1], @Bardos1980 [p. 540, no. 1515/19], @WinklerKlement2013 [p. 153], @Rostetter2023 [p. 1420, no. W/34/12]",
F,,21,Iam sol recedit,M 17,,,,130 (20) [601001019],,,,,,Ms.mus III.209 (20) | Ms.mus III.215,"AMC, W. 74. (20) [530012336]",Hymnus 112 a-b (17) [530003860] | Hymnus 112/c (5),,,,,,I.N.22,,"@EsterhazyInv1812 [hymns no. 62], @KlosterneuburgInvB [p. 421, no. 1], @Bardos1980 [p. 540, no. 1515/20], @Rostetter2023 [p. 1420, no. W/34/16]",
F,,22,Pange lingua gloriosi,,,,,130 (21) [601001020],,,,,,Ms.mus III.209 (21) | Ms.mus III.218,"AMC, W. 74. (21) [530012337]",Hymnus 112 a-b (12) [530003855] | Hymnus 112/c (6) | Hymnus 121,,,,,,I.N.13,,"@EsterhazyInv1812 [hymns no. 63], @KlosterneuburgInvB [p. 421, no. 1], @Bardos1980 [p. 540, no. 1515/21], @Rostetter2023 [p. 1420, no. W/34/11, p. 1424, no. W/43]",
F,,23,Ut queant laxis,M 15,,,,130 (22) [601001021],,,,,,Ms.mus III.209 (22),"AMC, W. 74. (22) [530012338]",Hymnus 112 a-b (15) [530003858],,,,,,I.N.5,,"@EsterhazyInv1812 [hymns no. 64], @KlosterneuburgInvB [p. 421, no. 1], @Bardos1980 [p. 540, no. 1515/22], @WinklerKlement2013 [p. 154], @Rostetter2023 [p. 1420, no. W/34/14]",
F,,24,Pater superni luminis,M 18,,,,130 (23) [601001022],,,,,,Ms.mus III.209 (23),"AMC, W. 74. (23) [530012339]",Hymnus 112 a-b (18) [530003861],,,,,,I.N.40,,"@EsterhazyInv1812 [hymns no. 65], @KlosterneuburgInvB [p. 421, no. 1], @Bardos1980 [p. 540, no. 1515/23], @WinklerKlement2013 [p. 155], @Rostetter2023 [p. 1420, no. W/34/17]",
F,,25,Quicumque Christum quaeritis,M 23,,,,130 (24) [601001023],,,,,,Ms.mus III.209 (24),"AMC, W. 74. (24) [530012340]",Hymnus 112 a-b (23) [530003866],,,,,,I.N.59,,"@EsterhazyInv1812 [hymns no. 66], @KlosterneuburgInvB [p. 421, no. 1], @Bardos1980 [p. 540, no. 1515/24], @WinklerKlement2013 [p. 158], @Rostetter2023 [p. 1421, no. W/34/22]",
F,,26,Fortem virili pectore,M 38,,,,118/13 | 130 (25) [601001024],,,,,,Ms.mus III.209 (25),"AMC, W. 74. (25) [530012341]",Hymnus 112 a-b (38) [530003880],,,,,,"I.N.41, I.N.46",,"@EsterhazyInv1812 [hymns no. 67], @KlosterneuburgInvB [p. 421, no. 1, p. 422, no. 4], @Bardos1980 [p. 540, no. 1515/25], @WinklerKlement2013 [p. 165], @Rostetter2023 [p. 1422, no. W/34/37]",
F,,27,Christus natus est nobis,,,,,,,,,,,Ms.mus III.209 (26),"AMC, W. 74. (26) [530012342]",,,,,,,I.N.57,,"@Bardos1980 [p. 541, no. 1515/(26)]",
F,,28,Jesu redemptor omnium,,,,,130 (26) [601001025],,,,,,Ms.mus III.209 (27),"AMC, W. 74. (27) [530012343]",,,,,,,I.N.58,,"@EsterhazyInv1812 [hymns no. 68], @KlosterneuburgInvB [p. 421, no. 1], @Bardos1980 [p. 541, no. 1515/(27)]",
F,,29,In dulci jubilo,E 36,57478,,,,,,,,,Ms.mus III.209 (28),"AMC, W. 74. (28) [530012344]",,,,28,,,,,"@Bardos1980 [p. 541, no. 1515/(28)], @WinklerKlement2013 [p. 91, 181]",A-Ed lost; A-El is Bärenreiter print 787
F,,30,Puer natus in Bethlehem,E 35,57477,,,,,,,,,Ms.mus III.209 (29),"AMC, W. 74. (29) [530012345]",,,,42,,,I.T.17,,"@Bardos1980 [p. 541, no. 1515/(39)], @WinklerKlement2013 [p. 91, 181]",A-Ed lost; A-El is Bärenreiter print 786
F,,31,Ave maris stella,M 35,,,,130 (27) [601001026],,,,,,Ms.mus III.210 (1),"AMC, W. 75. (1) [530012347]",Hymnus 112 a-b (35) [530003877],,,,,,I.N.49,,"@EsterhazyInv1812 [hymns no. 69], @KlosterneuburgInvB [p. 421, no. 1], @Bardos1980 [p. 541, no. 1516/1], @Rostetter2023 [p. 1422, no. W/34/34]",
F,,32,Exultet orbis gaudiis,M 27,,,,130 (28) [601001027],,,,,,Ms.mus III.210 (2),"AMC, W. 75. (2) [530012348]",Hymnus 112 a-b (27) [530003870] | Hymnus 122,,,,,,"I.N.25, I.N.44",,"@EsterhazyInv1812 [hymns no. 70], @KlosterneuburgInvB [p. 421, no. 1], @Bardos1980 [p. 541, no. 1516/2], @WinklerKlement2013 [p. 159], @Rostetter2023 [p. 1421, no. W/34/26, p. 1424, no. W/44]",
F,,33,Iste confessor Domini,M 30,,,,130 (29) [601001028],,,,,,Ms.mus III.210 (3),"AMC, W. 75. (3) [530012349]",Hymnus 112 a-b (30) [530003873],,,,,,I.N.7,,"@EsterhazyInv1812 [hymns no. 71], @KlosterneuburgInvB [p. 421, no. 1], @Bardos1980 [p. 541, no. 1516/3], @WinklerKlement2013 [p. 161], @Rostetter2023 [p. 1421, no. W/34/29]",
F,,34,Christe redemptor omnium,,,,,130 (30) [601001029],,,,,,Ms.mus III.210 (4),"AMC, W. 75. (4) [530012350]",Hymnus 112 a-b (3) [530003846] | Hymnus 114,,,,,,I.N.26,,"@EsterhazyInv1812 [hymns no. 72], @KlosterneuburgInvB [p. 421, no. 1], @Bardos1980 [p. 541, no. 1516/4], @Rostetter2023 [p. 1419, no. W/34/2, p. 1423, no. W/36]",
F,,35,Deus tuorum militum,M 32,,,,130 (31) [601001030],,,,,,Ms.mus III.210 (5),"AMC, W. 75. (5) [530012351]",,,,,,,I.N.27,,"@EsterhazyInv1812 [hymns no. 73], @KlosterneuburgInvB [p. 421, no. 1], @Bardos1980 [p. 541, no. 1516/5], @WinklerKlement2013 [p. 162]",
F,,36,Crudelis Herodes / Te lucis ante terminum,M 42,,,,130 (32) [601001031],,,F100.Moder.4,,,Ms.mus III.210 (6),"AMC, W. 75. (6) [530012352]",Hymnus 112 a-b (4) [530003847] | Hymnus 112 a-b (42) [530003884] | Hymnus 116,,,,,,"I.N.63, I.N.68",,"@EsterhazyInv1812 [hymns no. 74], @KlosterneuburgInvB [p. 421, no. 1], @Bardos1980 [p. 541, no. 1516/6], @WinklerKlement2013 [p. 167], @Rostetter2023 [p. 1419, no. W/34/3, p. 1422, no. W/34/41, p. 1423, no. W/38]",A-Ed and H-VEs have different text (Te lucis ante)
F,,37,Jesu dulcis memoria,,,,,118/11 | 130 (33) [601001032],,,,,,Ms.mus III.210 (7),"AMC, W. 75. (7) [530012353]",,,,,,,I.N.3,,"@EsterhazyInv1812 [hymns no. 75], @KlosterneuburgInvB [p. 421, no. 1, p. 422, no. 1], @Bardos1980 [p. 541, no. 1516/7]",A-KN uncertain
F,,38,Egregie Doctor Paule,,,,,130 (34) [601001033],,,,,,Ms.mus III.210 (8),"AMC, W. 75. (8) [530012354]",,,,,,,I.N.8,,"@EsterhazyInv1812 [hymns no. 76], @KlosterneuburgInvB [p. 421, no. 1], @Bardos1980 [p. 541, no. 1516/8]",
F,,39,Caelistis urbs Ierusalem,M 25,,,,130 (35) [601001034],,,,,,Ms.mus III.210 (9),"AMC, W. 75. (9) [530012355]",Hymnus 112 a-b (25) [530003868],,,,,,"I.N.28, I.N.43",,"@EsterhazyInv1812 [hymns no. 77], @KlosterneuburgInvB [p. 421, no. 1], @Bardos1980 [p. 541, no. 1516/9], @WinklerKlement2013 [p. 158], @Rostetter2023 [p. 1421, no. W/34/24]",
F,,40,Tristes erant Apostoli,,,,,130 (36) [601001035],,,,,,Ms.mus III.210 (10),"AMC, W. 75. (10) [530012356]",,,,,,,I.N.9,,"@EsterhazyInv1812 [hymns no. 78], @KlosterneuburgInvB [p. 421, no. 1], @Bardos1980 [p. 541, no. 1516/10]",
F,,41,Vexilla regis,M 39,,,,130 (37) [601001036],,,,,,Ms.mus III.210 (11),"AMC, W. 75. (11) [530012357]",Hymnus 112 a-b (39) [530003881] | Hymnus 119,,,,,,"I.N.64, I.N.69",,"@EsterhazyInv1812 [hymns no. 79], @KlosterneuburgInvB [p. 421, no. 1], @Bardos1980 [p. 541, no. 1516/11], @WinklerKlement2013 [p. 166], @Rostetter2023 [p. 1422, no. W/34/38, p. 1424, no. W/41]",A-Ed: only vl 2 and T
F,,42,Salutis humanae sator,,,,,130 (38) [601001037],,,,,,Ms.mus III.210 (12),"AMC, W. 75. (12) [530012358]",,,,,,,I.N.50,,"@EsterhazyInv1812 [hymns no. 80], @KlosterneuburgInvB [p. 421, no. 1], @Bardos1980 [p. 541, no. 1516/12]",
F,,43,Veni creator Spiritus,M 16,,,,130 (39) [601001038],,,F100.Moder.10,,,Ms.mus III.210 (13),"AMC, W. 75. (13) [530012359]",Hymnus 112 a-b (16) [530003859],,,,,,"I.N.19, I.N.29",,"@EsterhazyInv1812 [hymns no. 81], @KlosterneuburgInvB [p. 421, no. 1], @Bardos1980 [p. 541, no. 1516/13], @WinklerKlement2013 [p. 155], @Rostetter2023 [p. 1420, no. W/34/15]",
F,,44,Iam sol recedit,,,,,130 (40) [601001039],,,,,,Ms.mus III.210 (14),"AMC, W. 75. (14) [530012360]",,,,,,,I.N.30,,"@EsterhazyInv1812 [hymns no. 82], @KlosterneuburgInvB [p. 421, no. 1], @Bardos1980 [p. 541, no. 1516/14]",
F,,45,Pange lingua gloriosi,,,,,130 (41) [601001040],,,,,,Ms.mus III.210 (15),"AMC, W. 75. (15) [530012361]",,,,,,,I.N.31,,"@EsterhazyInv1812 [hymns no. 83], @KlosterneuburgInvB [p. 421, no. 1], @Bardos1980 [p. 541, no. 1516/15]",
F,,46,Ut queant laxis,M 14,,,,130 (42) [601001041],,,,,Mus.ms. 23013/2 [452519574],Ms.mus III.210 (16),"AMC, W. 75. (16) [530012362]",Hymnus 112 a-b (14) [530003857],,,,,,I.N.4,,"@EsterhazyInv1812 [hymns no. 84], @KlosterneuburgInvB [p. 421, no. 1], @Bardos1980 [p. 541, no. 1516/16], @WinklerKlement2013 [p. 154], @Rostetter2023 [p. 1420, no. W/34/13]",
F,,47,Pater superni luminis,,,,,130 (43) [601001042],,,,,,Ms.mus III.210 (17),"AMC, W. 75. (17) [530012363]",,,,,,,I.N.32,,"@EsterhazyInv1812 [hymns no. 85], @KlosterneuburgInvB [p. 421, no. 1], @Bardos1980 [p. 542, no. 1516/17]",
F,,48,Fortem virili pectore,,,,,130 (44) [601001043],,,,,,Ms.mus III.210 (18),"AMC, W. 75. (18) [530012364]",,,,,,,I.N.1,,"@EsterhazyInv1812 [hymns no. 86], @KlosterneuburgInvB [p. 421, no. 1], @Bardos1980 [p. 542, no. 1516/18]",
F,,49,Quicumque Christum quaeritis,,,,,130 (45) [601001044],,,,,,Ms.mus III.210 (19),"AMC, W. 75. (19) [530012365]",,,,,,,I.N.33,,"@EsterhazyInv1812 [hymns no. 87], @KlosterneuburgInvB [p. 421, no. 1], @Bardos1980 [p. 542, no. 1516/19]",
F,,50,Tibi Christe splendor patris,,,,,130 (46) [601001045],,,,,,Ms.mus III.210 (20),"AMC, W. 75. (20) [530012366]",,,,,,,I.N.34,,"@EsterhazyInv1812 [hymns no. 88], @KlosterneuburgInvB [p. 421, no. 1], @Bardos1980 [p. 542, no. 1516/20]",
F,,51,Placare Christe servulis,M 22,,,,,,,,,,Ms.mus III.210 (21),"AMC, W. 75. (21) [530012367]",Hymnus 112 a-b (22) [530003865],,,,,,I.N.51,,"@EsterhazyInv1812 [hymns no. 89], @Bardos1980 [p. 542, no. 1516/21], @WinklerKlement2013 [p. 157], @Rostetter2023 [p. 1421, no. W/34/21]",
F,,52,Jesu corona virginum,,,,,130 (48) [601001047],,,,,,Ms.mus III.210 (22),"AMC, W. 75. (22) [530012368]",,,,,,,I.N.35,,"@EsterhazyInv1812 [hymns no. 90], @KlosterneuburgInvB [p. 421, no. 1], @Bardos1980 [p. 542, no. 1516/22]",
F,,53,Christus natus est nobis,,,,,,,,,,,Ms.mus III.210 (23),"AMC, W. 75. (23) [530012369]",,,,,,,I.N.37,,"@Bardos1980 [p. 542, no. 1516/(23)]",
F,,54,Jesu redemptor omnium,,,,,130 (49) [601001048],,,,,,Ms.mus III.210 (24),"AMC, W. 75. (24) [530012370]",,,,,,,I.N.36,,"@EsterhazyInv1812 [hymns no. 91], @KlosterneuburgInvB [p. 421, no. 1], @Bardos1980 [p. 542, no. 1516/(24)]",
F,,55,In dulci jubilo,,,,,,,,,,,Ms.mus III.210 (25),"AMC, W. 75. (25) [530012371]",,,,29,,,"I.T.8, I.T.9",,"@Bardos1980 [p. 542, no. 1516/(25)]",
F,,56,Puer natus in Bethlehem,,,,,,,,,,,Ms.mus III.210 (26),"AMC, W. 75. (26) [530012372]",,,,43,,,I.T.18,,"@Bardos1980 [p. 542, no. 1516/(26)]",
F,,57,Jesu corona celsior,,,,,,,,,,,Ms.mus III.210 (27),"AMC, W. 75. (27) [530012373]",,,,,,,I.N.52,,"@EsterhazyInv1812 [hymns no. 92], @Bardos1980 [p. 542, no. 1516/(27)]",
F,,58,Christo profusum sanguine / Lucis Creator optime,M 41,,,,,,,,,,Ms.mus III.210 (28),"AMC, W. 75. (28) [530012374]",Hymnus 112 a-b (41) [530003883],,,,,,I.N.70,,"@EsterhazyInv1812 [hymns no. 93], @Bardos1980 [p. 542, no. 1516/(28)], @Rostetter2023 [p. 1422, no. W/34/40]",H-VEs has different text (Lucis)
F,,59,Ave maris stella,M 37,,,,,,,F100.Moder.11,,,Ms.mus III.210 (29),"AMC, W. 75. (29) [530012375]",Hymnus 112 a-b (37) [530003879],,,,,,"I.N.53, I.N.54",,"@EsterhazyInv1812 [hymns no. 94], @Bardos1980 [p. 542, no. 1516/(29)], @WinklerKlement2013 [p. 165], @Rostetter2023 [p. 1422, no. W/34/36]",
F,,60,Ecce panis Angelorum,M 8 | M 12,,,,,,,,,,,,Hymnus 112 a-b (8) [530003851],,,,,,I.N.18,,"@WinklerKlement2013 [p. 94, 150, 153], @Rostetter2023 [p. 1420, no. W/34/7]",A-Ed is an autograph
F,,61,Salutis humanae sator,M 10,,,,,,,,,,,,Hymnus 112 a-b (10) [530003853] | Hymnus 120,,,,,,I.N.61,,"@WinklerKlement2013 [p. 151], @Rostetter2023 [p. 1420, no. W/34/9, p. 1424, no. W/42]",
F,,62,Jesu redemptor omnium,,,,,118/14,,,,,,,,,,,,,,I.N.60,,"@KlosterneuburgInvB [p. 421, no. 1, p. 422, no. 3]",
F,,63,Quibus patris clementiam,,,,,130 (47) [601001046],,,,,,,,,,,,,,,,"@KlosterneuburgInvB [p. 421, no. 1]",
G,,1,Litaniae lauretanae,Zagitz convolute | oblong convolute,,,,,,,,,,Ms.mus III.65,,,,,,,,I.J.6,,"@EsterhazyInv1812 [litanies no. 144], @WinklerKlement2013 [p. 169f], @Narkmun2024 [p. 29]",
G,,2,Litaniae lauretanae,G 98 | oblong convolute,,,,,,,,,,Ms.mus III.66,,,,,,,,I.J.25,,"@EsterhazyInv1812 [litanies no. 143], @WinklerKlement2013 [p. 119, 168]",
G,,3,Litaniae lauretanae,G 104,,,,,,,Mus.Hs.23434 (16),,,Ms.mus III.67 | Ms.mus III.83,"AMC, W. 79.",,,,,,,"I.J.26, I.J.28",,"@EsterhazyInv1812 [litanies no. 136], @Bardos1980 [p. 543, no. 1522], @WinklerKlement2013 [p. 122]",
G,,4,Litaniae lauretanae,,,,,,,,,,,Ms.mus III.68,,,,,,,,I.J.19,,@EsterhazyInv1812 [litanies no. 137],
G,,5,Litaniae lauretanae,Zagitz convolute,,,,,,,,,,Ms.mus III.69,"AMC, W. 80.",,,,,,,I.J.14,,"@EsterhazyInv1812 [litanies no. 139], @Bardos1980 [p. 543, no. 1520], @WinklerKlement2013 [p. 174], @Narkmun2024 [p. 32]",
G,,6,Litaniae lauretanae,G 102 | oblong convolute,,,,,,,Mus.Hs.23434 (9),,,Ms.mus III.70,"AMC, W. 78.",,,,,,,"I.J.27, I.J.30",,"@EsterhazyInv1812 [litanies no. 146], @Bardos1980 [p. 542, no. 1518], @WinklerKlement2013 [p. 121, 168]",
G,,7,Litaniae lauretanae,oblong convolute,,,,,,,,,,Ms.mus III.71,,,,,,,,I.J.18,,"@EsterhazyInv1812 [litanies no. 145], @WinklerKlement2013 [p. 168]",
G,,8,Litaniae lauretanae,,,,,,,,,,,Ms.mus III.72 (1),,,,,,,,I.J.17,,@EsterhazyInv1812 [litanies no. 151],
G,,9,Litaniae lauretanae,oblong convolute,,,,,,,,,,Ms.mus III.73 (1),"AMC, W. 77. (1)",,,,,,,I.J.12/1,,"@EsterhazyInv1812 [litanies no. 140], @Bardos1980 [p. 543, no. 1519], @WinklerKlement2013 [p. 168]",
G,,10,Litaniae lauretanae,G 99,,,,,,,,,,Ms.mus III.74,,,,,,,,I.J.21,,"@EsterhazyInv1812 [litanies no. 141], @WinklerKlement2013 [p. 120]",
G,,11,Litaniae lauretanae,,,,III b 3 [600090677],,,,,,,Ms.mus III.75,,,,,,,,"I.J.11, I.J.13",,@EsterhazyInv1812 [litanies no. 152],A-HE source currently (2024-07) undiscoverable
G,,12,Litaniae lauretanae,,,,,,,,,,,Ms.mus III.76,,,,,,,,I.J.5,,@EsterhazyInv1812 [litanies no. 149],
G,,13,Litaniae lauretanae,G 101,,,,,,,,,,Ms.mus III.77,,,,,,,,I.J.29,,"@EsterhazyInv1812 [litanies no. 150], @WinklerKlement2013 [p. 121]",
G,,14,Litaniae lauretanae,,,,III b 3 [600090676],,,,,,,Ms.mus III.78,,,,,,,,"I.J.22, I.J.24",,@EsterhazyInv1812 [litanies no. 156],A-HE source currently (2024-07) undiscoverable
G,,15,Litaniae lauretanae,,,,,,,,,,,Ms.mus III.79,,,,,,,,I.J.7,,@EsterhazyInv1812 [litanies no. 148],
G,,16,Litaniae lauretanae,,,,,,,,,,,Ms.mus III.80,,,,,,,,I.J.10,,@EsterhazyInv1812 [litanies no. 155],
G,,17,Litaniae lauretanae,G 105,,,,,,,Mus.Hs.23434 (14),,,Ms.mus III.81,,,,,,,,I.J.16,,"@EsterhazyInv1812 [litanies no. 147], @WinklerKlement2013 [p. 123]",
G,,18,Litaniae lauretanae,G 100,,,,,,,,,,Ms.mus III.84,,Lit.21,,,,,,I.J.20,,"@EsterhazyInv1812 [litanies no. 154], @WinklerKlement2013 [p. 120], @Rostetter2023 [p. 1425f, no. W/47]",
G,,19,Litaniae lauretanae,Zagitz convolute,,,,,,,,,,Ms.mus III.85,,,,,,,,I.J.23,,"@EsterhazyInv1812 [litanies no. 142], @WinklerKlement2013 [p. 172], @Narkmun2024 [p. 30]",
G,,20,Litaniae lauretanae,,,,,,,,,,,Ms.mus III.86,"AMC, W. 76.",,,,,,,I.J.15,,"@EsterhazyInv1812 [litanies no. 153], @Bardos1980 [p. 542, no. 1517], @Narkmun2024 [p. 36-40]",
G,,21,Litaniae lauretanae,G 103 | Zagitz convolute | oblong convolute,,,,,,,,,,Ms.mus III.87,"AMC, W. 81.",,,,,,,I.J.9,,"@EsterhazyInv1812 [litanies no. 138], @Bardos1980 [p. 543, no. 1521], @WinklerKlement2013 [p. 122, 169, 174], @Narkmun2024 [p. 32]",
G,,L1,Litaniae Sti Joannis Nepomuceni,,,,,,,,,,,,,,,,,,X.14,I.J.2,,,only title known
G,,S1,Litaniae lauretanae,,,,,,,1142,Mus.Hs.14739 | Mus.Hs.21709,,,,,,,,,,,,A-A 787 | A-EF 97 | A-EF 98 | A-GR 37 | A-KRB 030 | A-RAN 43 | A-SEI F XXI 6 a,@Neumayr2018 [p. 638],by Jakob Pernecker (see RISM 659002490)
G,,S2,Litaniae lauretanae,,,,,,,,,,,,,,,,,,,,A-SEI F XXI 6 b,,
G,,S3,Litaniae lauretanae,,,,,,,,Mus.Hs.23434 (12),,,,,,,,,,,I.J.8,,,by P. Florian Wrastil (see A-Ed G 34)
H,1,1,Vesperae,,,,,,,,,,,Ms.mus III.88,,Vesp.52,,,,,,I.K.12,,"@EsterhazyInv1812 [vespers no. 90], @Rostetter2023 [p. 1411, no. W/24]",
H,1,2,Vesperae,,,,,,,,,,,Ms.mus III.89,,Vesp.54,,,,,,I.K.7,,"@EsterhazyInv1812 [vespers no. 100], @Rostetter2023 [p. 1413, no. W/26]",
H,1,3,Vesperae mediocres de Confessore,G 73 | G 85,,,,,,,,,,Ms.mus III.90,"AMC, W. 104.",Vesp.49,,,,,,I.K.21,,"@Bardos1980 [p. 546, no. 1544], @WinklerKlement2013 [p. 100, 115, 123], @Rostetter2023 [p. 1408f, no. W/21]","A-Ed: G 167 merged to this one; G 72 is Dixit et Magnificat, G 85 is In exitu"
H,1,4,Vesperae brevissima de Commune Apostolorum,G 77,,,,,,,,,,Ms.mus III.91,,Vesp.44,,,,,,I.K.19,,"@EsterhazyInv1812 [vespers no. 93], @WinklerKlement2013 [p. 100], @Rostetter2023 [p. 1415, no. W/28]",
H,1,5,Vesperae,,,,,,,,,,,Ms.mus III.92,,Vesp.57,,,,,,I.K.20,,"@EsterhazyInv1812 [vespers no. 97], @Rostetter2023 [p. 1418f, no. W/32]",
H,1,6,Vesperae,,,,,,,,,,,Ms.mus III.93,,,,,,,,I.K.11,,@EsterhazyInv1812 [vespers no. 88],
H,1,7,Vesperae breves de Communi Virginum,G 80,,,,,,,,,,Ms.mus III.94,,Vesp.45,,,,,,I.K.10,,"@EsterhazyInv1812 [vespers no. 89], @WinklerKlement2013 [p. 111], @Rostetter2023 [p. 1416f, no. W/30]",autograph title in A-Ed
H,1,8,Vesperae brevissimae de Dominica,G 74,,,,,,,,,,Ms.mus III.95,,Vesp.46,,,,,,I.K.13,,"@EsterhazyInv1812 [vespers no. 101], @WinklerKlement2013 [p. 102, 123], @Rostetter2023 [p. 1406, no. W/18]",A-Ed G 166 merged to this one
H,1,9,Vesperae longiores de Confessore,G 83 | G 90 | G 93 | G 82,,,,,,,,,,Ms.mus III.96,,Vesp.51,,,,,,I.K.14,,"@EsterhazyInv1812 [vespers no. 94], @WinklerKlement2013 [p. 113f, 117, 119], @Rostetter2023 [p. 1410f, no. W/23]",A-Ed individual movements
H,1,10,Vesperae,G 87 | G 92,,,,,,,,,,Ms.mus III.97,"AMC, W. 102.",Vesp.55,,,,,,I.K.15,,"@EsterhazyInv1812 [vespers no. 91], @Bardos1980 [p. 546, no. 1542], @WinklerKlement2013 [p. 116, 118], @Rostetter2023 [p. 1414, no. W/27]",A-Ed individual movements
H,1,11,Vesperae de Apostolis,G 22,,,,73/3,,,,,,Ms.mus III.98,,Vesp.58,,,,,,I.K.8,,"@EsterhazyInv1812 [vespers no. 98], @WinklerKlement2013 [p. 98], @Paczkowski2019 [p. 163], @Rostetter2023 [p. 1415f, no. W/29]",
H,1,12,Vesperae,,,,,,,,,,,Ms.mus III.99,,Vesp.53,,,,,,I.K.9,,"@EsterhazyInv1812 [vespers no. 92], @Rostetter2023 [p. 1412, no. W/25]",
H,1,13,Vesperae,,,,,121,,,,,,Ms.mus III.100,"AMC, W. 103.",Vesp.50,,,,,,"I.K.17, I.K.18",A-H A.15.5/B.13.6,"@EsterhazyInv1812 [vespers no. 99], @HerzogenburgInvA [p. 256], @HerzogenburgInvB [p. 101v], @KlosterneuburgInvA [p. 71, no. 9], @KlosterneuburgInvB [p. 354, no. 1], @Bardos1980 [p. 546, no. 1543], @Rostetter2023 [p. 1409f, no. W/22]",A-H source lost
H,1,14,Vesperae solemniores et confessoribus,G 75,,,,,,,,,,,,Vesp.48,,,,,,,A-Z V/45,"@WinklerKlement2013 [p. 104], @Rostetter2023 [p. 1407f, no. W/20]",
H,1,15,Vesperae,G 76,,,,,,,,,,,,,,,,,,I.K.16,,@WinklerKlement2013 [p. 105],
H,1,16,Vesperae de Beata,G 78,,,VIII b 3,,,,,,,,,Vesp.56,,,,,,I.G.22,,"@Rostetter2023 [p. 1417f, no. W/31]",A-HE: only Lauda Jerusalem
H,1,17,Vesperae brevissimae de Confessoribus,G 79,,,,,,,,,,,,Vesp.47,,,,,,,,"@WinklerKlement2013 [p. 109], @Rostetter2023 [p. 1406f, no. W/19]","H-VEs source comprises full score and parts; in the full score, the third section (likely a binion), comprising the end of Beatus vir and the Laudate pueri, is missing"
H,2,1,Memento Domine David,G 88,,,,,,,,,,Ms.mus III.261 (1),,Vesp.59 [530001330],,,,,IV.10,"I.K.3/1, I.La.3/1",,"@EsterhazyInv1812 [vespers no. 95], @WinklerKlement2013 [p. 116], @Rostetter2023 [p. 1419, no. W/33]",
H,2,2,Confitebor,G 84,,,,,,,,,,Ms.mus III.261 (2),,Vesp.59 [530001329],,,,,IV.10,"I.K.3/2, I.La.3/2",,"@WinklerKlement2013 [p. 115], @Rostetter2023 [p. 1419, no. W/33]",
H,2,3,Credidi,,,,,,,,,,,Ms.mus III.262 (1),,,,,,,,I.La.2/1,,@EsterhazyInv1812 [vespers no. 87],
H,2,4,Beati omnes,,,,,,,,,,,Ms.mus III.262 (2),,,,,,,IV.21 (?),"I.K.5, I.La.2/2",,,HarIn (and thus also HarCa) fits to three psalms
H,2,5,Lauda Jerusalem,,,,,,,,,,,Ms.mus III.262 (3),,,,,,,,I.La.2/3,,,
H,2,6,Beati omnes,,,,,,,,,,,Ms.mus III.263,,,,,,,IV.21 (?),"I.K.5, I.La.1",,@EsterhazyInv1812 [vespers no. 96],HarIn (and thus also HarCa) fits to three psalms
H,2,7,Miserere,,,,,,,,,,,Ms.mus III.264/a,,,,,,,,I.Lb.4,,@EsterhazyInv1812 [miserere no. 13],
H,2,8,Miserere,,,,,,,,F100.Moder.54,,,Ms.mus III.264/b,,,,,,,,I.Lb.3,,@WinklerKlement2013 [p. 187],
H,2,9,Beati omnes,G 89,,,,,,,,,,,,Vesp.59 [530001328],,,,,IV.21 (?),I.K.5,,"@WinklerKlement2013 [p. 117], @Rostetter2023 [p. 1419, no. W/33]",HarIn (and thus also HarCa) fits to three psalms
H,2,10,De profundis,G 91,,,,,,,,,,,,,,,,,,,,@WinklerKlement2013 [p. 118],
H,2,11,Miserere,G 95,,,,,,,,,,,,,,,,,,I.Lb.2,,,
H,3,1,Magnificat,G 81,,,,,,,,,,,,,,,,,,,,@WinklerKlement2013 [p. 112],
I,1,1,Alma Redemptoris mater,H 6 | H 8,,,,,,,,,,Ms.mus III.160,,,,,,,,I.Ma.13,,@WinklerKlement2013 [p. 124f],
I,1,2,Alma Redemptoris mater,H 5,,,,,,,,,,Ms.mus III.161,,,,,,,,I.Ma.27,,@WinklerKlement2013 [p. 124],
I,1,3,Alma Redemptoris mater,,,,,,,,,,,Ms.mus III.162,"AMC, W. 65.",,,,,,,I.Ma.34,,"@Bardos1980 [p. 538, no. 1505]",
I,1,4,Alma Redemptoris mater,H 7 | H 13,,,,,,,,,,Ms.mus III.163,,,,,,,,"I.Ma.14, I.Ma.22",,"@WinklerKlement2013 [pp. 125, 127]",
I,1,5,Alma Redemptoris mater,,,,,,,,,,,Ms.mus III.164,,,,,,,,I.Ma.15,,,
I,1,6,Alma Redemptoris mater,,,,,,,,,,,Ms.mus III.165,,,,,,,,I.Ma.16,,,
I,1,7,Alma Redemptoris mater,,,,,,,,,,,Ms.mus III.166,,,,,,,,I.Ma.17,,,
I,1,8,Alma Redemptoris mater,H 13a,,,,,,,,,,Ms.mus III.167,,,,,,,,"I.Ma.20, I.Ma.39",,@WinklerKlement2013 [p. 128],
I,1,9,Alma Redemptoris mater,,,,,,,,,,,Ms.mus III.168,"AMC, W. 64.",,,,,,,I.Ma.21,,"@Bardos1980 [p. 538, no. 1504]",
I,1,10,Alma Redemptoris mater,H 9,,,,,,,,,,Ms.mus III.169,,,,,,,,"I.Ma.35, I.Ma.37",,@WinklerKlement2013 [p. 125],
I,1,11,Alma Redemptoris mater,,,,,,,,,,,Ms.mus III.170,"AMC, W. 67.",,,,,,,I.Ma.29,,"@Bardos1980 [p. 538, no. 1507]",
I,1,12,Alma Redemptoris mater,,,,,,,,,,,Ms.mus III.171,,,,,,,,I.Ma.28,,,
I,1,13,Alma Redemptoris mater,,,,,,VI 37991/2,,,,Mus.ms. 30177 (6),Ms.mus III.172,,,,,,,,I.Ma.18,D-DS Mus.ms 584,,
I,1,14,Alma Redemptoris mater,,,,,,,,,,,Ms.mus III.173,,,,,,,,I.Ma.33,,"@Schlader2019, @Schlader2020",
I,1,15,Alma Redemptoris mater,H 15,,,,,,,F100.Moder.28 | F100.Moder.120,,,Ms.mus III.174,"AMC, W. 66.",,,,,,,I.Ma.19,,"@Bardos1980 [p. 538, no. 1506]",
I,1,16,Alma Redemptoris mater,,,,,,,,,,,Ms.mus III.175,,,,,,,,I.Ma.5,,,
I,1,17,Alma Redemptoris mater,,,,,,,,,,,Ms.mus III.176,,,,,,,,I.Ma.26,,,
I,1,18,Alma Redemptoris mater,,,,,,,,,,,Ms.mus III.177,,,,,,,,I.Ma.36,,,
I,1,19,Alma Redemptoris mater,,,,,,,,,,,Ms.mus III.178,,,,,,,,I.Ma.25,,,
I,1,20,Alma Redemptoris mater,,,,,,,,,,,Ms.mus III.179,,,,,,,,I.Ma.8,,,
I,1,21,Alma Redemptoris mater,,,,,,,,,,,Ms.mus III.180,,,,,,,VI.20 (?),I.Ma.30,,,
I,1,22,Alma Redemptoris mater,H 11,,,,,,,,,,Ms.mus III.181,,,,,,,,I.Ma.9,,@WinklerKlement2013 [p. 126],
I,1,23,Alma Redemptoris mater,,,,,,,,,,,Ms.mus III.182,,,,,,,,I.Ma.7,A-Wdp B IV/449,,
I,1,24,Alma Redemptoris mater,,,,,,,,,,,Ms.mus III.183,,,,,,,,I.Ma.31,,,
I,1,25,Alma Redemptoris mater,,,,,,,,,,,Ms.mus III.184,,,,,,,,I.Ma.4,,,
I,1,26,Alma Redemptoris mater,H 4,,,,,,,,,,Ms.mus III.186,,,,,,,,I.Ma.6,,@WinklerKlement2013 [p. 123],
I,1,27,Alma Redemptoris mater,,,,,,,,,,,Ms.mus III.187,,,,,,,,I.Ma.11,,,
I,1,28,Alma Redemptoris mater,H 14,,,,,,,,,,Ms.mus III.188,,,,,,,,"I.Ma.24, I.Ma.32",,@WinklerKlement2013 [p. 128],
I,1,29,Alma Redemptoris mater,H 10,,,,,,,F100.Moder.29/7 | F100.Moder.102,,,,,,,,,,,I.Ma.23,,,
I,1,30,Alma Redemptoris mater,H 12,,,,,,,F100.Moder.30,,,,,,,,,,VI.22,I.Ma.38,,@WinklerKlement2013 [p. 127],
I,1,S1,Alma Redemptoris mater,,,,,,,,,,,Ms.mus III.185,,,,,,,,I.Ma.12,A-KR F 3/16,,by Ferdinand Schmid
I,1,S2,Alma Redemptoris mater,,,,,,,,,,,Ms.mus III.343,,,,,,,,I.Ma.10,,,
I,2,1,Ave Regina coelorum,,,,,,,,,,,Ms.mus III.145,,,,,,,,I.Mb.23,,,
I,2,2,Ave Regina coelorum,Zagitz convolute,,,,,,,,,,Ms.mus III.146,"AMC, W. 70.",,,,,,VII.9 (?),I.Mb.10,,"@Bardos1980 [p. 539, no. 1510], @WinklerKlement2013 [p. 171], @Narkmun2024 [p. 29, 69]",
I,2,3,Ave Regina coelorum,,,,,,,,,,,Ms.mus III.147,,,,,,,,I.Mb.19,,,
I,2,4,Ave Regina coelorum,I 8,,,,,,,F100.Moder.29/1 | F100.Moder.85/5 | F100.Moder.160,,,Ms.mus III.148,"AMC, W. 68.",,,,,,,I.Mb.6,,"@Bardos1980 [p. 538, no. 1508]",
I,2,5,Ave Regina coelorum,,,,,,,,,,,Ms.mus III.149,"AMC, Ant. 23. (1)",,,,,,,I.Mb.12,,"@Bardos1980 [p. 575, no. 1696]",
I,2,6,Ave Regina coelorum,I 5,,,,,,,,,,Ms.mus III.150,"AMC, W. 71.",,,,,,,"I.Mb.14, I.Mb.15",,"@Bardos1980 [p. 539, no. 1511], @WinklerKlement2013 [p. 130]",
I,2,7,Ave Regina coelorum,,,,,,,,,,,Ms.mus III.151,,,,,,,,I.Mb.22,,,
I,2,8,Ave Regina coelorum,I 7 | Zagitz convolute,,,,,,,,,,Ms.mus III.152,,,,,,,,I.Mb.11,,"@WinklerKlement2013 [p. 171], @Narkmun2024 [pp. 30, 67]",
I,2,9,Ave Regina coelorum,Zagitz convolute,,,,,,,,,,Ms.mus III.153 | Ms.mus III.154,,,,,,,,I.Mb.17,,"@WinklerKlement2013 [p. 171], @Narkmun2024 [p. 29]",
I,2,10,Ave Regina coelorum,,,,,,,,,,,Ms.mus III.155,,,,,,,,I.Mb.8,,,
I,2,11,Ave Regina coelorum,,,,,,,,,,,Ms.mus III.156,"AMC, W. 69.",,,,,,,I.Mb.21,"H-Sp Vpl, a) 11","@Bardos1980 [p. 539, no. 1509], @Bardos1984 [p. 546, no. 680]",
I,2,12,Ave Regina coelorum,I 4,,,,,,,,,,Ms.mus III.157,,,,,,,,I.Mb.7,,@WinklerKlement2013 [p. 129],
I,2,13,Ave Regina coelorum,,,,,,,,,,,Ms.mus III.158,,,,,,,,I.Mb.20,,,
I,2,14,Ave Regina coelorum,,,,,,,,,,,Ms.mus III.159,,,,,,,VII.5,I.Mb.16,,,
I,2,15,Ave Regina coelorum,I 3,,,,,,,,,,,,,,,,,,I.Mb.9,,@WinklerKlement2013 [p. 129],
I,2,16,Ave Regina coelorum,I 6,,,,,,,F100.Moder.29/3,,,,"AMC, Ant. 23. (2)",,,,,,,I.Mb.13,,"@Bardos1980 [p. 575, no. 1696], @WinklerKlement2013 [p. 130]",
I,2,17,Ave Regina coelorum,I 9,,,,,,,,,,,,,,,,,,"I.Mb.4, I.Mb.18",,@WinklerKlement2013 [p. 131],
I,3,1,Regina coeli,J 18,,,,,,,,,,Ms.mus III.189,,,,,,,,"I.Mc.14, I.Mc.21",,@WinklerKlement2013 [p. 134],
I,3,2,Regina coeli,,,,,,,,,,,Ms.mus III.190,,,,,,,,I.Mc.15,,,
I,3,3,Regina coeli,Zagitz convolute,,,,,,,F100.Moder.1/2 | F100.Moder.24 | F100.Moder.29/6,,,Ms.mus III.191,"AMC, W. 88.",,,,,,,I.Mc.26,,"@Bardos1980 [p. 544, no. 1528], @WinklerKlement2013 [p. 133, 172], @Narkmun2024 [p. 30, 69]","A-Ed source is now lost, but was copied by Richard Moder; an org part is still archived in A-Ed (upright format, p. 15)"
I,3,4,Regina coeli,,,,,,,,,,,Ms.mus III.192,,,,,,,,I.Mc.13,,,
I,3,5,Regina coeli,,,,,,,,,,,Ms.mus III.193,,,,,,,,I.Mc.5,,,
I,3,6,Regina coeli,J 14,,,,,,,,,,Ms.mus III.194,"AMC, W. 90.",,,,,,,I.Mc.12,,"@Bardos1980 [p. 544, no. 1530], @WinklerKlement2013 [p. 132]",A-Ed: in RISM by Johann Demmel
I,3,7,Regina coeli,J 16,,,,,,,,,,Ms.mus III.195,"AMC, W. 92.",,,,,,,"I.Mc.7, I.Mc.10",,"@Bardos1980 [p. 544, no. 1532], @WinklerKlement2013 [p. 133]",
I,3,8,Regina coeli,J 19,,,,,,,,,,Ms.mus III.196,,,,,,,,I.Mc.25,,@WinklerKlement2013 [p. 134],
I,3,9,Regina coeli,,,,,,,,,,,Ms.mus III.197,,,,,,,,I.Mc.8,,,
I,3,10,Regina coeli,J 12,,,,,,,F100.Moder.5/2 | F100.Moder.25 | F100.Moder.49,,,Ms.mus III.198,,,,,,,,I.Mc.4,,,
I,3,11,Regina coeli,,,,,,,,,,,Ms.mus III.199,,,,,,,,I.Mc.17,,,
I,3,12,Regina coeli,,,,,,,,,,,Ms.mus III.200,,,,,,,,I.Mc.18,,,
I,3,13,Regina coeli,,,,,,,,,,,Ms.mus III.201,"AMC, W. 89.",,,,,,,I.Mc.16,,"@Bardos1980 [p. 544, no. 1529]",
I,3,14,Regina coeli,,,,,,,,,,,Ms.mus III.202,,,,,,,,I.Mc.19,,,
I,3,15,Regina coeli,J 11,,,,,,,,,,Ms.mus III.203,,,,,,,,I.Mc.11,,@WinklerKlement2013 [p. 131],
I,3,16,Regina coeli,,,,,,,,,,,Ms.mus III.204,,,,,,,,I.Mc.6,,,
I,3,17,Regina coeli,,,,,,,,,,,Ms.mus III.205,,,,,,,,I.Mc.24,,,
I,3,18,Regina coeli,,,,,,,,,,,Ms.mus III.206,,,,,,,VIII.11 (?),I.Mc.3,,,
I,3,19,Regina coeli,,,,,,,,,,,Ms.mus III.207,,,,,,,,I.Mc.9,,,
I,3,20,Regina coeli,,,,,,,,,,,Ms.mus III.208,,,,,,,,I.Mc.20,,,
I,3,21,Regina coeli,J 13,,,,,,,F100.Moder.2 | F100.Moder.29/5,,,,,,,,,,,I.Mc.22,H-K Ms.748/a,@WinklerKlement2013 [p. 132],
I,3,22,Regina coeli,J 15 | J 17,,,,,,,,,,,,,,,,,,I.Mc.27,H-K Ms.748,@WinklerKlement2013 [p. 133],"A-Ed: incomplete (only S, A, and org)"
I,3,23,Regina coeli,,,,,,,,,,,,"AMC, W. 91.",,,,,,,I.Mc.23,,"@Bardos1980 [p. 544, no. 1531]",
I,3,S1,Regina coeli,Zagitz convolute,,,,,,,,,,,,,,,,,,,A-Ee N0226,"@WinklerKlement2013 [p. 174], @Narkmun2024 [p. 32, 70]","A-Ed: only org part extant; 3/4, 33 bars; A-Ee: attributed to Frumann"
I,4,1,Salve Regina,,,,,,,,,,,Ms.mus III.101,,,,,,,,I.Md.45,,,
I,4,2,Salve Regina,,,,IV e 4 [600090693],,,,,,,Ms.mus III.102,,,,,,,,"I.Md.30, I.Md.39",,,A-HE source currently (2024-07) undiscoverable
I,4,3,Salve Regina,,,,,,,,,,,Ms.mus III.103,,,,,,,,I.Md.16,"H-Sp Vpl, b) 24 [1001023593]","@Bardos1984 [p. 547, no. 685/2]",
I,4,4,Salve Regina,K 28,,,,,,,,,,Ms.mus III.104,,,,,,,,I.Md.18,,@WinklerKlement2013 [p. 140],
I,4,5,Salve Regina,,,,,,,,,,,Ms.mus III.105,,,,,,,,I.Md.38,,,
I,4,6,Salve Regina,,,,,,,,,,,Ms.mus III.106,,,,,,,,I.Md.44,,,
I,4,7,Salve Regina,K 3 (1),,,,,,,,,,Ms.mus III.107,,,,,,,,I.Md.60,,@WinklerKlement2013 [p. 135f],
I,4,8,Salve Regina,,,,,,,,,,,Ms.mus III.108,,,,,,,,I.Md.59,,,
I,4,9,Salve Regina,K 34,,,,,,,F100.Moder.20,,,Ms.mus III.109,,,,,,,,I.Md.29,,@WinklerKlement2013 [p. 143],
I,4,10,Salve Regina,K 33,,,,,,,,,,Ms.mus III.110,,,,,,,,I.Md.10,,@WinklerKlement2013 [p. 143],
I,4,11,Salve Regina,K 31,,,,,,,,,,Ms.mus III.111,,,,,,,,I.Md.15,,@WinklerKlement2013 [p. 142],
I,4,12,Salve Regina,,,,,,,,,,,Ms.mus III.112,,,,,,,,I.Md.14,,,
I,4,13,Salve Regina,,,,,,,,,,,Ms.mus III.113,,,,,,,,I.Md.49,,,
I,4,14,Salve Regina,,,,,,,,,,,Ms.mus III.114,,,,,,,,I.Md.28,,,
I,4,15,Salve Regina,K 3 (4),,,,,,,,,,Ms.mus III.115,,,,,,,,I.Md.27,"H-Sp Vpl, b) 24 [1001023180] | H-Sp Vpl, b) 24 [1001023592]","@Bardos1984 [p. 547, no. 684, 685/1], @WinklerKlement2013 [p. 135f]",
I,4,16,Salve Regina,,,,,,,,,,Mus.ms. 30177 (5),Ms.mus III.116,,,,,,,,I.Md.58,D-DS Mus.ms 1292,,
I,4,17,Salve Regina,K 3 (3),,,,,,,,,,Ms.mus III.117,,,,,,,,I.Md.19,,@WinklerKlement2013 [p. 135f],
I,4,18,Salve Regina,,,,,,,,,,,Ms.mus III.118,,,,,,,,"I.Md.17, I.Md.20",,,
I,4,19,Salve Regina,,,,,,,,,,,Ms.mus III.119,,,,,,,,I.Md.21,,,
I,4,20,Salve Regina,K 32,,,,,,,,,,Ms.mus III.120,,,,,,,,I.Md.26,,@WinklerKlement2013 [p. 142],
I,4,21,Salve Regina,,,,,,,,F100.Moder.45,,,Ms.mus III.121,,,,,,,,I.Md.13,,,
I,4,22,Salve Regina,,,,,,I 35470,,,,,Ms.mus III.122,,,,,,,,I.Md.8,,,
I,4,23,Salve Regina,,,,,,,,,,,Ms.mus III.123,,,,,,,,I.Md.25,,,
I,4,24,Salve Regina,,,,,,,,,,,Ms.mus III.124,,,,,,,,I.Md.43,,,
I,4,25,Salve Regina,,,,,,,,,,,Ms.mus III.125,"AMC, W. 99.",,,,,,,I.Md.57,,"@Bardos1980 [p. 545, no. 1537]",
I,4,26,Salve Regina,,,,,,,,,,,Ms.mus III.126,"AMC, W. 97.",,,,,,,I.Md.24,,"@Bardos1980 [p. 545, no. 1538]",
I,4,27,Salve Regina,,,,,,,,,,,Ms.mus III.127,,,,,,,,I.Md.42,,,
I,4,28,Salve Regina,,,,,,,,,,,Ms.mus III.128,,,,,,,,I.Md.56,,,
I,4,29,Salve Regina,,,,,,,,,,,Ms.mus III.129,,,,,,,,I.Md.36,,,
I,4,30,Salve Regina,,,,,,,,,,,Ms.mus III.130,,,,,,,,I.Md.55,,,
I,4,31,Salve Regina,K 27,,,,,,,,,,Ms.mus III.131,,,,,,,,"I.Md.64, I.Md.66",,@WinklerKlement2013 [p. 140],
I,4,32,Salve Regina,,,,,,,,,,,Ms.mus III.132,,,,,,,,I.Md.9,,,
I,4,33,Salve Regina,,,,,,,,,,,Ms.mus III.133,,,,,,,,I.Md.23,,,
I,4,34,Salve Regina,,,,,,,,,,,Ms.mus III.134,,,,,,,V.6 (?),I.Md.41,,,
I,4,35,Salve Regina,K 21,,,,,,,,,,Ms.mus III.135,,,,,,,,I.Md.3,,@WinklerKlement2013 [p. 137],related to WerW I.4.36
I,4,36,Salve Regina,,,,,,,,,,,Ms.mus III.136,,,,,,,,I.Md.37,,,related to WerW I.4.35
I,4,37,Salve Regina,,,,,,,,,,,Ms.mus III.137,,,,,,,,I.Md.40,,,
I,4,38,Salve Regina,,,,,,,,,,,Ms.mus III.138,,,,,,,,I.Md.54,,,
I,4,39,Salve Regina,K 24,,,,,,,,,,Ms.mus III.139,,,,,,,,I.Md.22,,@WinklerKlement2013 [p. 139],
I,4,40,Salve Regina,,,,,,,,,,,Ms.mus III.140,,,,,,,,I.Md.65,,,
I,4,41,Salve Regina,,,,,,,,,,,Ms.mus III.141,"AMC, W. 98.",,,,,,,I.Md.53,D-MÜs SANT Hs 4310 | D-MÜs SANT Hs 4311,"@Bardos1980 [p. 545, no. 1539]",
I,4,42,Salve Regina,,,,,,,,,,,Ms.mus III.142,,,,,,,,I.Md.63,,,
I,4,43,Salve Regina,,,,,,,,,,,Ms.mus III.143,,,,,,,,I.Md.52,,,
I,4,44,Salve Regina,,,,,,,,,,,Ms.mus III.144,,,,,,,V.12 (?),I.Md.51,,,
I,4,45,Salve Regina,K 3 (2),,,,,,,,,,,,,,,,,,,,@WinklerKlement2013 [p. 135f],
I,4,46,Salve Regina,K 20,,,,,,,,,,,,,,,,,V.9 (?),I.Md.46,,@WinklerKlement2013 [p. 137],
I,4,47,Salve Regina,K 22,,,,,,,,,,,,,,,,,,I.Md.12,,@WinklerKlement2013 [p. 138],
I,4,48,Salve Regina,K 23,,,,,,,F100.Moder.5/1,,,,,,,,,,,I.Md.61,,@WinklerKlement2013 [p. 138],
I,4,49,Salve Regina,K 25,,,,,,,,,,,,,,,,,,I.Md.47,,@WinklerKlement2013 [p. 139],
I,4,50,Salve Regina,K 26,,,,,,,F100.Moder.19,,,,,,,,,,,I.Md.11,,,
I,4,51,Salve Regina,K 29,,,,,,,,,,,,,,,,,,I.Md.32,,@WinklerKlement2013 [p. 141],
I,4,52,Salve Regina,K 30,,,,,,,,,,,,,,,,,,"I.Md.48, I.Md.50",,@WinklerKlement2013 [p. 141],
I,4,53,Salve Regina,,,,IV e 4 [600090692],,,,,,,,,,,,,,,I.Md.67,,,single source (A-HE) currently (2024-07) undiscoverable
I,4,54,Salve Regina,,,,,,,,SA.67.H.42,1346,,,,,,,,,,I.Md.62,D-Dl Mus.2462-E-1,"@Kiesewetter1847 [p. 90], @Stefan1985 [p. 267]",
I,4,55,Salve Regina,,,,,,,,,,,,,,,,,,,,"H-Sp Vpl, a) 45","@Bardos1984 [p. 547, no. 683]",
I,4,56,Salve Regina,,,,,,,,,,,,,,,,,,,,"H-Sp Vpl, a) 46","@Bardos1984 [p. 547, no. 686]",
I,4,S1,Salve Regina,K 5,,,,,,,,,,,,,,,,,,I.Md.31,,"@Müller1911 [p. 169, no. 10, p. 170, no. 11], @Hansell1968 [p. 93f, no. 126]",by Hasse (MülH 170/11; see RISM 450015097)
I,5,1,Sub tuum praesidium,oblong convolute,,,,,,,,,,Ms.mus III.73 (2),"AMC, W. 77. (2)",,,,,,,"I.J.12/2, I.Me.20",,@WinklerKlement2013 [p. 169],
I,5,2,Sub tuum praesidium,,,,,,,,,,,Ms.mus III.226,,,,,,,,I.Me.35,,,
I,5,3,Sub tuum praesidium,,,,,,,,,,,Ms.mus III.227,,,,,,,,I.Me.12,,,
I,5,4,Sub tuum praesidium,,,,,,,,,,,Ms.mus III.228,,,,,,,,I.Me.36,,,
I,5,5,Sub tuum praesidium,L 3 | L 10,,,,,,,F100.Moder.158,,,Ms.mus III.229,,,,,,,,I.Me.26,,,A-Ed L 10 is the same manuscript as L 3
I,5,6,Sub tuum praesidium,,,,,,,,,,,Ms.mus III.230,,,,,,,,I.Me.15,,,
I,5,7,Sub tuum praesidium,L 5,,,,,,,,,,Ms.mus III.231,,,,,,,,I.Me.13,,@WinklerKlement2013 [p. 145],
I,5,8,Sub tuum praesidium,,,,,,,,,,,Ms.mus III.232,,,,,,,,I.Me.18,,,
I,5,9,Sub tuum praesidium,Zagitz convolute,,,,,,,,,,Ms.mus III.233,,,,,,,,I.Me.39,,"@WinklerKlement2013 [p. 173], @Narkmun2024 [p. 31, 68]",
I,5,10,Sub tuum praesidium,L 1 | oblong convolute,,,,,,,,,,Ms.mus III.234 | Ms.mus III.255,,,,,,,,I.Me.24,,"@WinklerKlement2013 [pp. 144, 169]",
I,5,11,Sub tuum praesidium,,,,,,,,,,,Ms.mus III.235 | Ms.mus III.237,,,,,,,,"I.Me.27, I.Me.28",,,
I,5,12,Sub tuum praesidium,Zagitz convolute,,,,,,,,,,Ms.mus III.236,,,,,,,,I.Me.11,,"@WinklerKlement2013 [p. 172], @Narkmun2024 [p. 31]",
I,5,13,Sub tuum praesidium,L 12,,,,,,,,,,Ms.mus III.238,,,,,,,,"I.Me.16, I.Me.19",,@WinklerKlement2013 [p. 148],
I,5,14,Sub tuum praesidium,,,,,,,,,,,Ms.mus III.239,,,,,,,,I.Me.37,,,
I,5,15,Sub tuum praesidium,oblong convolute,,,,,,,,,,Ms.mus III.240 | Ms.mus III.257,,,,,,,,I.Me.34,,@WinklerKlement2013 [p. 169],
I,5,16,Sub tuum praesidium,L 13,,,,,,,,,,Ms.mus III.241 | Ms.mus III.253,,,,,,,,"I.Me.33, I.Me.38",,@WinklerKlement2013 [p. 148],
I,5,17,Sub tuum praesidium,L 4,,,,,,,,,,Ms.mus III.242 | Ms.mus III.254,,,,,,,,I.Me.23,,@WinklerKlement2013 [p. 145],
I,5,18,Sub tuum praesidium,L 8,,,,,,,,,,Ms.mus III.243 | Ms.mus III.249,,,,,,,,"I.Me.21, I.Me.30",,@WinklerKlement2013 [p. 146],
I,5,19,Sub tuum praesidium,L 9 | Zagitz convolute,,,,,,2304,F100.Moder.1/1 | F100.Moder.29/4,,,Ms.mus III.244,,,,,,,,I.Me.31,,"@WinklerKlement2013 [p. 147, 173], @Narkmun2024 [p. 31]",
I,5,20,Sub tuum praesidium,Zagitz convolute,,,,,,,,,,Ms.mus III.245,,,,,,,,I.Me.40,,"@WinklerKlement2013 [p. 173], @Narkmun2024 [p. 31]",
I,5,21,Sub tuum praesidium,L 6,,,,,,,,,,Ms.mus III.246,,,,,,,,I.Me.17,,@WinklerKlement2013 [p. 146],
I,5,22,Sub tuum praesidium,,,,,,VI 37991/1,,,,,Ms.mus III.247,,,,,,,,I.Me.41,,,
I,5,23,Sub tuum praesidium,L 2,,,,,,,,,,Ms.mus III.248,,,,,,,,I.Me.29,,@WinklerKlement2013 [p. 144],
I,5,24,Sub tuum praesidium,L 7 | oblong convolute,,,,,,,,,,Ms.mus III.251,,,,,,,,I.Me.14,,"@WinklerKlement2013 [p. 146, 169]",
I,5,25,Sub tuum praesidium,,,,,,,,,,,Ms.mus III.252,,,,,,,,I.Me.22,,,
I,5,26,Sub tuum praesidium,L 11,,,,,,,,,,Ms.mus III.256,,,,,,,,I.Me.25,,@WinklerKlement2013 [p. 147],
I,5,27,Sub tuum praesidium,,,,,,,,F100.Moder.6,,,,,,,,,,,,,,
J,,1,Te Deum,C 7,,,,,,,F100.Moder.37,,,Ms.mus III.258,"AMC, W. 100.",,,,,,,I.O.3,"H-Sp Vpl, a) 18","@EsterhazyInv1812 [te deum no. 38], @Warner1965, @Bardos1980 [p. 545, no. 1540], @Bardos1984 [p. 547, no. 687], @WinklerKlement2013 [p. 86]",
J,,2,Te Deum,C 5,,,,,,,,,,Ms.mus III.259,,Off.122/1+4,,,,,,I.O.4,,"@EsterhazyInv1812 [te deum no. 39], @Warner1965, @WinklerKlement2013 [p. 85], @Rostetter2023 [p. 1405f, no. W/17]",H-VEs is only “In te Domine speravi” (1) and “Pleni sunt coeli” (4)
J,,3,Te Deum,C 4,,,IV e 2 [600090694],,,,,,,Ms.mus III.260,,Off.122/2,,,,,,I.O.5,,"@EsterhazyInv1812 [te deum no. 40], @Warner1965, @Schlader2019, @Schlader2020, @WinklerKlement2013 [p. 85], @Rostetter2023 [p. 1405f, no. W/17]",A-HE source currently (2024-07) undiscoverable; H-VEs is only “Non confundar”
J,,4,Te Deum,C 6,,,,,,,F100.Moder.38,,,,,,,,,,,,,,
J,,5,Te Deum,C 8,,,,,,,,,,,,Off.122/3,,,,,,I.O.8,,"@WinklerKlement2013 [p. 86], @Rostetter2023 [p. 1405f, no. W/17]",H-VEs is only “In te Domine speravi”
J,,6,Te Deum,,,,,,,,,,,,"AMC, W. 101.",,,,,,,I.O.7,,"@Bardos1980 [p. 545, no. 1541]",
J,,S1,Te Deum,C 3,,,IV e 2 [600090695],,,,,,,,,,,,,,,I.O.6,,,in A-Ed (C 3) attributed to Antonio Caldara
K,,1,Lamentationes in coena Domini,G 96,,,,,,,,,,Ms.mus III.266,,,,,,,,I.P.1,,"@Sauer1809 [fol. 13v, no. 531–533]",
K,,2,Lamentationes in Sabbato Sancto,,56813,,,,,,,,,Ms.mus III.267,,,,,,,,"I.P.2, I.P.3",,"@Sauer1809 [fol. 13v, no. 531–533], @WinklerKlement2013 [p. 176]",
K,,3,Lamentationes in Parasceve,G 13/2 (G 97),,,,,,,,,,Ms.mus III.268,,,,,,,,I.P.4,,"@Sauer1809 [fol. 13v, no. 531–533]",
L,,1,Der Wiennerische Tändlmarckt,,56131,1759,,,,,Mus.Hs.29691 | Mus.Hs.29692 | Mus.Hs.29693 | Mus.Hs.29695,,Mus.ms. 23013/20,,,,,,,,,II.A.1,"A-Eh (n.i.) | A-Ssp SPS-26,56 | A-Wst M-8282 [992003221] | CH-Bchristen (n.i.) | CH-Lz 651.4 (K4) | D-WWW K 12 Nr. 69 | GB-Lbl G.619.","@Rheinfurth1977 [p. 148f, no. 171], @Riedel1979, @Stein1957, @WinklerKlement2013 [p. 179]",
L,,2,Die Bauren-Richters-Wahl,,56131,1759,,,,,Mus.Hs.29691 | Mus.Hs.29692 | Mus.Hs.29693 | Mus.Hs.29695,,Mus.ms. 23013/20,,,,,,,,,II.A.2,"A-Eh (n.i.) | A-Ssp SPS-26,56 | A-Wst M-8282 [992003221] | CH-Bchristen (n.i.) | CH-Lz 651.4 (K4) | D-WWW K 12 Nr. 69 | GB-Lbl G.619.","@Rheinfurth1977 [p. 148f, no. 171], @Riedel1979, @Stein1957, @WinklerKlement2013 [p. 179]",
L,,L1,Non vi piaque,,,,,,,,,,,,,,,,,,,II.F.1,,"@Harich1975 [p. 72, 86]","aria; catalogue of 1759 (group I.A.c, airs et cantates détachées)"
L,,S1,Der neue Italiener,,,,,,,,,,Mus.ms. 22013/30,,,,,,,,,,,,
M,,1,Sonata,,,,,,,,,,,Ms.mus III.269,,,,,,Sog 17,,I.I.16,,@Mikusi2020,
M,,2,Sonata,,,,,,,,,,,Ms.mus III.270,,,,,,Sog 22,,I.I.15,,@Mikusi2020,
M,,3,Sonatina,,,,,,,,,,,Ms.mus III.271,,,,,,Sog 10,,I.I.10,,@Mikusi2020,
M,,4,Sonatina,,,,,,,,,,,Ms.mus III.272,,,,,,Sog 15,,I.I.14,,@Mikusi2020,
M,,5,Sonatina,,,,,,,,,,,Ms.mus III.274,,,,,,Sog 2,,I.I.3,,@Mikusi2020,
M,,6,Sonatina,,,,,,,,,,,Ms.mus III.275,,,,,,Sog 11,,I.I.13,,@Mikusi2020,
M,,7,Sonatina,,,,,,,,,,,Ms.mus III.276,,,,,,Sog 14,,I.I.8,,@Mikusi2020,
M,,8,Sonatina,,,,,,,,,,,Ms.mus III.277,,,,,,Sog 4,,I.I.12,,@Mikusi2020,
M,,9,Sonatina,,,,,,,,,,,Ms.mus III.278,,,,,,Sog 8,,I.I.1,,@Mikusi2020,
M,,10,Sonatina,,,,,,,,,,,Ms.mus III.279,,,,,,Sog 3,,I.I.5,,@Mikusi2020,
M,,11,Sonatina,,,,,,,,,,,Ms.mus III.280,,,,,,Sog 16,,I.I.18,,@Mikusi2020,
M,,12,Sonatina,,,,,,,,,,,Ms.mus III.281,,,,,,Sog 21,,I.I.4,,@Mikusi2020,
M,,13,Sonatina,,,,,,,,,,,Ms.mus III.282,,,,,,Sog 1,,I.I.17,,@Mikusi2020,
M,,14,Sonata,,,,,,,,,,,Ms.mus III.283,,,,,,Sog 6,,I.I.11,,@Mikusi2020,
M,,15,Sonatina,,,,,,,,,,,Ms.mus III.284,,,,,,Sog 13,,I.I.7,,@Mikusi2020,
M,,16,Sonatina,,,,,,,,,,,Ms.mus III.285,,,,,,Sog 19,,I.I.2,,@Mikusi2020,
M,,17,Sonata prima,,,,,,IX 8288,,,,,,,,,,,Sog 20,F.19,I.I.19/1,D-Dl Mus.2462-Q-1 | F-AG 853 | GB-DRc M 113/115/116,"@Petermayr2020 [p. 448f], @Harman1968 [p. 106f, no. 615], @Maillard1999 [p. 174]",
M,,18,Sonata secunda,,,,,,IX 8288,,,,,,,,,,,Sog 18,F.19,I.I.19/2,D-Dl Mus.2462-Q-1 | F-AG 853 | GB-DRc M 113/115/116,"@Petermayr2020 [p. 448f], @Harman1968 [p. 106f, no. 615], @Maillard1999 [p. 174]",
M,,19,Sonata tertia,,,,,,IX 8288,,,,,,,,,,,Sog 5,F.19,I.I.19/3,D-Dl Mus.2462-Q-1 | F-AG 853 | GB-DRc M 113/115/116,"@Petermayr2020 [p. 448f], @Harman1968 [p. 106f, no. 615], @Maillard1999 [p. 174]",
M,,20,Sonata quarta,,,,,,IX 8288,,,,,,,,,,,Sog 12,F.19,I.I.19/4,D-Dl Mus.2462-Q-1 | F-AG 853 | GB-DRc M 113/115/116,"@Petermayr2020 [p. 448f], @Harman1968 [p. 106f, no. 615], @Maillard1999 [p. 174]",
M,,21,Sonata quinta,,,,,,IX 8288,,,,,,,,,,,Sog 7,F.19,I.I.19/5,D-Dl Mus.2462-Q-1 | F-AG 853 | GB-DRc M 113/115/116,"@Petermayr2020 [p. 448f], @Harman1968 [p. 106f, no. 615], @Maillard1999 [p. 174]",
M,,22,Sonata sexta,,,,,,IX 8288,,Mus.Hs.2120,,,,,,,,,Sog 9,F.19,"I.I.19/6, II.D.1",D-Dl Mus.2462-Q-1 | F-AG 853 | GB-DRc M 113/115/116,"@Petermayr2020 [p. 448f], @Harman1968 [p. 106f, no. 615], @Maillard1999 [p. 174]",
M,,23,Sonata,,,,,,,,,,,,,,,,,Sow 3,G.3,II.D.3,CZ-Bm A 13116,@Petermayr2022,
M,,L1,Sonata a 3 (G minor),,,,,,,,,,,,,,,,,,,,,@StPeterInv [p. 35],only bass incipit known
M,,L2,Sonata a 4 (G minor),,,,,,,,,,,,,,,,,,,,,@StPeterInv [p. 35],only bass incipit known
M,,L3,Sonata (G minor),,,,,,,,,,,,,,,,,Sow 2,G.5,II.D.2,,@Petermayr2022,"fl, vl, lute, bc; only incipit and scoring known"
M,,S1,VI Fugen in Quartetten,,,Ms 4495,,,IX 5411,,MS10118-4°,,"Mus.12727 | N.Mus.Nachl. 99,741",,,,,,,,,,"A-KR G 54/181-186 | A-SEI (n.i.) | A-Wnh SH.Werner.1 | A-Wst Mc-12059 | D-Mbs 4 Mus.pr. 14412 | GB-Lbl Hirsch III.586. | RUS-Mrg (no shelfmark) | US-DMu 269477 | US-NYp Mus. Res *MX Werner, Gregor Joseph. Fugues Two Violins and Viola","@RobbinsLandon1977 [p. 297f], @Somfai1963, @Weinmann1978 [pp. 9, 84], @Petermayr2020",edited by Joseph Haydn; from Werner’s oratorios
M,,S2,6 Fugen,,,,,,,,,,Am.B 530 (1) | Am.B 530 (2) | Am.B 530 (3) | Am.B 530 (4) | Am.B 530 (5) | Am.B 530 (6),,,,,,,,,,A-KR H 42/121,"@Erdmann2014, @Hochradner2016 [p. 329f], @Petermayr2020","first fugue is the third movement of the sonata in A-KR, which is attributed to Fux (FuxWV III.2.1)"
N,,1,Pastorella,,,,,,,,,,,Ms.mus III.286,,,,,10,Pas 11,,I.S.10,,,
N,,2,Pastorella,E 32,,,,,,,,,,Ms.mus III.287,,,,,4,Pas 4,,I.S.11,,"@WinklerKlement2013 [p. 91, 180]",Bärenreiter print 1597 in A-El 56811
N,,3,Pastorella,E 29,56810,,,,,,,,,Ms.mus III.288,,,,,14,Pas 17,,I.S.20,,"@WinklerKlement2013 [p. 91, 180]",A-Ed lost; A-El is Bärenreiter print 829
N,,4,Pastorella,,,,,,,,,,,Ms.mus III.289,,,,,5,Pas 5,,I.S.12,,,
N,,5,Pastorella,E 27,56808,,,,,,,,,Ms.mus III.290,,,,,6,Pas 6,,I.S.13,,"@WinklerKlement2013 [p. 91, 180]",A-Ed lost; A-El is Bärenreiter print 954
N,,6,Pastorella,,,,,,,,,,,Ms.mus III.291,,,,,18,Pas 21,,I.S.7,,,
N,,7,Pastorella alla Hanacha,,,,,,,,,,,Ms.mus III.292,,,,,17,Pas 20,,I.S.8,,,
N,,8,Pastorella in Nativitate Christi,,,,,,,,,,,Ms.mus III.293,,,,,16,Pas 19,,I.S.19,,,
N,,9,Pastorella,,,,,,,,,,,Ms.mus III.294,,,,,12,Pas 15,,I.S.18,,,
N,,10,Pastorella,,,,,,,,,,,Ms.mus III.295,,,,,3,Pas 3,,I.S.9,,,
N,,11,Pastorella,,,,,,,,,,,Ms.mus III.296,,,,,13,Pas 16,,I.S.21,,,
N,,12,Pastorella,,,,,,,,,,,Ms.mus III.297,,,,,7,Pas 7,,I.S.14,,,
N,,13,Pastorella,E 27,56808,,,,,,,,,Ms.mus III.298,,,,,1,Pas 1,,I.S.24,,,A-Ed lost; A-El is Bärenreiter print 954
N,,14,Pastorella,,,,,,,,,,,Ms.mus III.299,,,,,2,Pas 2,,I.S.25,,,
N,,15,Pastorella in Nativitate Domini,E 60,56807,,,,,,,,,Ms.mus III.300,,,,,8,Pas 9,,I.S.22,,"@Rempe1991, @WinklerKlement2013 [p. 91, 180]",A-El is Bärenreiter print 953
N,,16,Pastorella,,,,,,,,,,,Ms.mus III.301,,,,,9,Pas 10,,I.S.15,,,
N,,17,Pastorella,,,,,,,,,,,Ms.mus III.302,,,,,15,Pas 18,,I.S.23,,,
N,,18,Pastorella,,,,,,,,,,,Ms.mus III.303,,,,,11,Pas 12,,I.S.16,,,
N,,19,Pastorella,,,,,,,,,,,Ms.mus III.304,,,,,19,Pas 23,,I.S.26,,,
N,,20,Pastorella,E 57,56809,,,,,,,,,,,,,,,Pas 8,,I.S.17,,"@WinklerKlement2013 [p. 91, 180]",A-El is Bärenreiter print 1557
N,,L1,Pastorella (A minor),E 28,,,,,,,,,,,,,,,,Pas 22,,,,,"A-Ed lost, mentioned in inventory of 1837; no incipit known"
N,,L2,Pastorella (F major),E 30,,,,,,,,,,,,,,,,Pas 13,,,,,"A-Ed lost, mentioned in inventory of 1837; no incipit known"
N,,L3,Pastorella (F major),E 34,,,,,,,,,,,,,,,,Pas 14,,,,,"A-Ed lost, mentioned in inventory of 1837; no incipit known"
O,,1,"Il Gennàro, oder im Jenner",,56086,D 1866,,,IX 1088,,MS37-4°/1-3,,,,,,,,,Par 4,,II.A.3/1,A-KR G 40/513 | D-Bsa SA 4905 | D-Bsa SA 4906 | D-Dl Mus.2462-P-500 | D-LI D I 111 | D-Mbs 2 Mus.pr. 288 | F-Pc RES F-1489 | J-Tma (no shelfmark),"@Baker2013, @Mayer2020, @Rempe1991, @Rheinfurth1977 [p. 124f, no. 120], @Schreiner2001, @Schubert2007 [p. 132], @Stein1957, @WinklerKlement2013 [p. 179]",
O,,2,"Il Febbràro, im Hornung",,56086,D 1866,,,IX 1088,,MS37-4°/1-3,,,,,,,,,Par 5,,II.A.3/2,A-KR G 40/513 | D-Bsa SA 4905 | D-Bsa SA 4906 | D-Dl Mus.2462-P-500 | D-LI D I 111 | D-Mbs 2 Mus.pr. 288 | F-Pc RES F-1489 | J-Tma (no shelfmark),"@Baker2013, @Mayer2020, @Rempe1991, @Rheinfurth1977 [p. 124f, no. 120], @Schreiner2001, @Schubert2007 [p. 132], @Stein1957, @WinklerKlement2013 [p. 179]",
O,,3,"Il Màrzo, in dem Merzen",,56086,D 1866,,,IX 1088,,MS37-4°/1-3,,,,,,,,,Par 15,,II.A.3/3,A-KR G 40/513 | D-Bsa SA 4905 | D-Bsa SA 4906 | D-Dl Mus.2462-P-500 | D-LI D I 111 | D-Mbs 2 Mus.pr. 288 | F-Pc RES F-1489 | J-Tma (no shelfmark),"@Baker2013, @Mayer2020, @Rempe1991, @Rheinfurth1977 [p. 124f, no. 120], @Schreiner2001, @Schubert2007 [p. 132], @Stein1957, @WinklerKlement2013 [p. 179]",
O,,4,"L’Aprìle, im April",,56086,D 1866,,,IX 1088,,MS37-4°/1-3,,,,,,,,,Par 6,,II.A.3/4,A-KR G 40/513 | D-Bsa SA 4905 | D-Bsa SA 4906 | D-Dl Mus.2462-P-500 | D-LI D I 111 | D-Mbs 2 Mus.pr. 288 | F-Pc RES F-1489 | J-Tma (no shelfmark),"@Baker2013, @Mayer2020, @Rempe1991, @Rheinfurth1977 [p. 124f, no. 120], @Schreiner2001, @Schubert2007 [p. 132], @Stein1957, @WinklerKlement2013 [p. 179]",
O,,5,"Il Màggio, im May",,56086,D 1866,,,IX 1088,,MS37-4°/1-3,,,,,,,,,Par 23,,II.A.3/5,A-KR G 40/513 | D-Bsa SA 4905 | D-Bsa SA 4906 | D-Dl Mus.2462-P-500 | D-LI D I 111 | D-Mbs 2 Mus.pr. 288 | F-Pc RES F-1489 | J-Tma (no shelfmark),"@Baker2013, @Mayer2020, @Rempe1991, @Rheinfurth1977 [p. 124f, no. 120], @Schreiner2001, @Schubert2007 [p. 132], @Stein1957, @WinklerKlement2013 [p. 179]",
O,,6,"Il Giùgno, im Brachmonat",,56086,D 1866,,,IX 1088,,MS37-4°/1-3,,,,,,,,,Par 11,,II.A.3/6,A-KR G 40/513 | D-Bsa SA 4905 | D-Bsa SA 4906 | D-Dl Mus.2462-P-500 | D-LI D I 111 | D-Mbs 2 Mus.pr. 288 | F-Pc RES F-1489 | J-Tma (no shelfmark),"@Baker2013, @Mayer2020, @Rempe1991, @Rheinfurth1977 [p. 124f, no. 120], @Schreiner2001, @Schubert2007 [p. 132], @Stein1957, @WinklerKlement2013 [p. 179]",
O,,7,"Il Lùglio, im Heumonat",,56086,D 1866,,,IX 1088,,MS37-4°/1-3,,,,,,,,,Par 8,,II.A.3/7,A-KR G 40/513 | D-Bsa SA 4905 | D-Bsa SA 4906 | D-Dl Mus.2462-P-500 | D-LI D I 111 | D-Mbs 2 Mus.pr. 288 | F-Pc RES F-1489 | J-Tma (no shelfmark),"@Baker2013, @Mayer2020, @Rempe1991, @Rheinfurth1977 [p. 124f, no. 120], @Schreiner2001, @Schubert2007 [p. 132], @Stein1957, @WinklerKlement2013 [p. 179]",
O,,8,"L’Agòsto, im Augustmonat",,56086,D 1866,,,IX 1088,,MS37-4°/1-3,,,,,,,,,Par 21,,II.A.3/8,A-KR G 40/513 | D-Bsa SA 4905 | D-Bsa SA 4906 | D-Dl Mus.2462-P-500 | D-LI D I 111 | D-Mbs 2 Mus.pr. 288 | F-Pc RES F-1489 | J-Tma (no shelfmark),"@Baker2013, @Mayer2020, @Rempe1991, @Rheinfurth1977 [p. 124f, no. 120], @Schreiner2001, @Schubert2007 [p. 132], @Stein1957, @Walter1976 [p. 27, 29], @WinklerKlement2013 [p. 179]",
O,,9,"Il Settèmbre, im Herbstmonat",,56086,D 1866,,,IX 1088,,MS37-4°/1-3,,,,,,,,,Par 24,,II.A.3/9,A-KR G 40/513 | D-Bsa SA 4905 | D-Bsa SA 4906 | D-Dl Mus.2462-P-500 | D-LI D I 111 | D-Mbs 2 Mus.pr. 288 | F-Pc RES F-1489 | J-Tma (no shelfmark),"@Baker2013, @Mayer2020, @Rempe1991, @Rheinfurth1977 [p. 124f, no. 120], @Schreiner2001, @Schubert2007 [p. 132], @Stein1957, @WinklerKlement2013 [p. 179]",
O,,10,"L’Ottòbre, im Weinmonat",,56086,D 1866,,,IX 1088,,MS37-4°/1-3,,,,,,,,,Par 30,,II.A.3/10,A-KR G 40/513 | D-Bsa SA 4905 | D-Bsa SA 4906 | D-Dl Mus.2462-P-500 | D-LI D I 111 | D-Mbs 2 Mus.pr. 288 | F-Pc RES F-1489 | J-Tma (no shelfmark),"@Baker2013, @Mayer2020, @Rempe1991, @Rheinfurth1977 [p. 124f, no. 120], @Schreiner2001, @Schubert2007 [p. 132], @Stein1957, @WinklerKlement2013 [p. 179]",
O,,11,"Il Novèmbre, im Wintermonat",,56086,D 1866,,,IX 1088,,MS37-4°/1-3,,,,,,,,,Par 25,,II.A.3/11,A-KR G 40/513 | D-Bsa SA 4905 | D-Bsa SA 4906 | D-Dl Mus.2462-P-500 | D-LI D I 111 | D-Mbs 2 Mus.pr. 288 | F-Pc RES F-1489 | J-Tma (no shelfmark),"@Baker2013, @Mayer2020, @Rempe1991, @Rheinfurth1977 [p. 124f, no. 120], @Schreiner2001, @Schubert2007 [p. 132], @Stein1957, @WinklerKlement2013 [p. 179]",
O,,12,"Il Decèmbre, im Christmonat",,56086,D 1866,,,IX 1088,,MS37-4°/1-3,,,,,,,,,Par 22,,II.A.3/12,A-KR G 40/513 | D-Bsa SA 4905 | D-Bsa SA 4906 | D-Dl Mus.2462-P-500 | D-LI D I 111 | D-Mbs 2 Mus.pr. 288 | F-Pc RES F-1489 | J-Tma (no shelfmark),"@Baker2013, @Mayer2020, @Rempe1991, @Rheinfurth1977 [p. 124f, no. 120], @Schreiner2001, @Schubert2007 [p. 132], @Stein1957, @WinklerKlement2013 [p. 179]",
O,,13,Partita,,,,,,,,,,,,,,,,,"Par 3, Sow 1",D.19,II.C.3,B-Bc 7184,,
O,,L1,Partita (C major),,,,,,,,,,,,,,,,,Par 1,D.1,II.C.2,,,"2 vl, bc; only incipit and scoring known"
O,,L2,Partita (F major),,,,,,,,,,,,,,,,,Par 16,D.4,II.C.4,,,"2 vl, bc; only incipit and scoring known"
O,,L3,Partita (F major),,,,,,,,,,,,,,,,,Par 17,D.5,II.C.5,,,"2 vl, bc; only incipit and scoring known"
O,,L4,Partita (C minor),,,,,,,,,,,,,,,,,Par 12,D.11,II.C.10,,,"2 vl, bc; only incipit and scoring known"
O,,L5,Partita (D minor),,,,,,,,,,,,,,,,,Par 18,D.13,II.C.6,,,"2 vl, bc; only incipit and scoring known"
O,,L6,Partita (A minor),,,,,,,,,,,,,,,,,Par 2,D.14,II.C.7,,,"2 vl, bc; only incipit and scoring known"
O,,L7,Partita (B♭ major),,,,,,,,,,,,,,,,,Par 26,D.15,II.C.11,,,"2 vl, bc; only incipit and scoring known"
O,,L8,Partita (F major),,,,,,,,,,,,,,,,,Par 19,D.16,II.C.8,,,"2 vl, bc; only incipit and scoring known"
O,,L9,Partita (C minor),,,,,,,,,,,,,,,,,Par 27,D.18,II.C.12,,,"2 vl, bc; only incipit and scoring known"
O,,L10,Partita (G minor),,,,,,,,,,,,,,,,,Par 13,D.20,II.C.13,,,"2 vl, bc; only incipit and scoring known"
O,,L11,Partita (G minor),,,,,,,,,,,,,,,,,Par 14,D.22,II.C.14,,,"2 vl, bc; only incipit and scoring known"
O,,L12,Partita (G major),,,,,,,,,,,,,,,,,Par 9,D.24,II.C.1,,,"2 vl, bc; only incipit and scoring known"
O,,L13,Partita (C minor),,,,,,,,,,,,,,,,,Par 28,D.26,II.C.15,,,"2 vl, bc; only incipit and scoring known"
O,,L14,Partita (F major),,,,,,,,,,,,,,,,,Par 20,D.28,II.C.9,,,"2 vl, bc; only incipit and scoring known"
O,,L15,Partita (B♭ major),,,,,,,,,,,,,,,,,Par 29,D.31,II.C.16,,,"2 vl, bc; only incipit and scoring known"
O,,L16,Partita (D major),,,,,,,,,,,,,,,,,Par 7,,,,,"2 cor, 2 vl, bc; Breitkopf catalogue 1765; only incipit known"
O,,L17,Partita (G major),,,,,,,,,,,,,,,,,Par 10,,,,,"2 vl, vla, bc; Breitkopf catalogue 1765; only incipit known"
O,,L18,Partita,,,,,,,,,,,,,,,,,Par 31,,,,,"2 cor, 2 vl, vla, bc; Breitkopf catalogue 1764; only title and scoring known"
P,,1,Symphonia,,,,,,,,,,,Ms.mus III.273,,,,,,Sin 3,,I.I.6,,,
P,,2,Symphonia,,,,,,,,,,,,,,,,,Sin 8,,,A-Gdab Bad Aussee Ms 328 | A-H B.45.49,@HerzogenburgInvB [p. 311v],A-H source lost
P,,3,Symphonia,,,,,,,,,,,,,,,,,Sin 11,,,A-LA 42,"@Sherman2001 [p. 271, 488]",
P,,4,Symphonia prima,,,,,,IX 8288,,,,,,,,,,,Sin 1,F.19,"II.B.1, II.B.4",D-Dl Mus.2462-Q-1 | F-AG 853 | GB-DRc M 113/115/116,"@Petermayr2020 [p. 448f], @Harman1968 [p. 106f, no. 615], @Maillard1999 [p. 174]",
P,,5,Symphonia secunda,,,,,,IX 8288,,,,,,,,,,,Sin 10,F.19,"II.B.1, II.B.4",D-Dl Mus.2462-Q-1 | F-AG 853 | GB-DRc M 113/115/116,"@Petermayr2020 [p. 448f], @Harman1968 [p. 106f, no. 615], @Maillard1999 [p. 174]",
P,,6,Symphonia tertia,,,,,,IX 8288,,,,,,,,,,,Sin 6,F.19,"II.B.1, II.B.4",D-Dl Mus.2462-Q-1 | F-AG 853 | GB-DRc M 113/115/116,"@Petermayr2020 [p. 448f], @Harman1968 [p. 106f, no. 615], @Maillard1999 [p. 174]",
P,,7,Symphonia quarta,,,,,,IX 8288,,,,,,,,,,,Sin 9,F.19,"II.B.1, II.B.4",D-Dl Mus.2462-Q-1 | F-AG 853 | GB-DRc M 113/115/116,"@Petermayr2020 [p. 448f], @Harman1968 [p. 106f, no. 615], @Maillard1999 [p. 174]",
P,,8,Symphonia quinta,,,,,,IX 8288,,,,,,,,,,,Sin 2,F.19,"II.B.1, II.B.4",D-Dl Mus.2462-Q-1 | F-AG 853 | GB-DRc M 113/115/116,"@Petermayr2020 [p. 448f], @Harman1968 [p. 106f, no. 615], @Maillard1999 [p. 174]",
P,,9,Symphonia sexta,,,,,,IX 8288,,,,,,,,,,,Sin 7,F.19,"II.B.1, II.B.4",D-Dl Mus.2462-Q-1 | F-AG 853 | GB-DRc M 113/115/116,"@Petermayr2020 [p. 448f], @Harman1968 [p. 106f, no. 615], @Maillard1999 [p. 174]",
P,,10,Sinfonia,,,,,,,,,,,,,,,,,,,II.B.5,CZ-Pn XXXIV C 416,,
P,,L1,Sinfonia (D major),,,,,,,,,,,,,,,,,Sin 4,F.2,II.B.2,,,"2 vl, vla, bc; only incipit and scoring known"
P,,L2,Sinfonia (D major),,,,,,,,,,,,,,,,,Sin 5,F.11,II.B.3,,,"2 vl, vla, bc; only incipit and scoring known"
P,,L3,5 Sinfonias,,,,,,,,,,,,,,,,,Sin 12–14,,II.B.6,,,"mentioned in a lost letter by Werner [@Pohl1875, p. 211]"
P,,L4,Sinfonia (B♭ major),,,,,,,,,,,,,,,,,,,,,"@BrtniceInv [p. 61, no. 1], @Strakova1963, @Strakova1965",a quatro; only incipit known
P,,L5,Sinfonia (C major),,,,,,,,,,,,,,,,,,,,,"@BrtniceInv [p. 61, no. 2], @Strakova1963, @Strakova1965",a tre; only incipit known
P,,L6,Sinfonia (C major),,,,,,,,,,,,,,,,,,,,,"@BrtniceInv [p. 61, no. 3], @Strakova1963, @Strakova1965",a tre; only incipit known
P,,L7,Sinfonia (C major),,,,,,,,,,,,,,,,,,,,,"@BrtniceInv [p. 61, no. 4], @Strakova1963, @Strakova1965",a quatro; only incipit known; probably identical to WerW P.L9
P,,L8,Sinfonia (D major),,,,,,,,,,,,,,,,,,,,A-H B.45.48,@HerzogenburgInvB [p. 311v],"2 vl, bc; only incipit and scoring known; A-H source lost"
P,,L9,Sinfonia (C major),,,,,,,,,,,,,,,,,,,,A-H B.45.50,@HerzogenburgInvB [p. 311v],"2 vl, bc; only incipit and scoring known; A-H source lost; probably identical to WerW P.L7"
P,,S1,Symphonia,,,,,,,,,,,,,,,,,,D.2,,A-LA 273 | D-Bsa SA 3541 (7) | D-As 4 Cod mus 85,"@Petermayr2020 [p. 456], @StPeterInv [p. 33, no. 40]","attributed to Caldara in A-LA (former D-As) and to Werner in D-Bsa; however, Werner himself listed František Tůma as author in his thematic catalogue of 1740, and the inventory of St. Peter also lists Tůma as author"
Q,,1,Concerto,,,,,,VII 35473,,,,,Ms.mus III.305,,,,,,Kon 7,,II.E.8,,"@Rempe1991, @Schlader2019, @Schlader2020",
Q,,2,Concerto per la Camera,,,,,,,,Mus.Hs.3751,,,,,,,,,Kon 8,,II.E.6,,,
Q,,3,Concerto,,,,,,,,Mus.Hs.3752,,,,,,,,,Kon 9,,II.E.5,,@Petermayr2022,
Q,,4,Concerto,,,,,,,,Mus.Hs.3753,,,,,,,,,Kon 4,,II.E.4,,@Petermayr2022,
Q,,L1,Concerto (C major),,,,,,,,,,,,,,,,,Kon 1,A.9,II.E.1,,@Petermayr2022,"fl, 2 vl, vla, bc; only incipit and scoring known"
Q,,L2,Concerto (G major),,,,,,,,,,,,,,,,,Kon 5,A.13,II.E.2,,@Petermayr2022,"fl, 2 vl, bc; only incipit and scoring known"
Q,,L3,Concerto (C major),,,,,,,,,,,,,,,,,Kon 2,A.16,II.E.3,,@Petermayr2022,"fl, 2 vl, vla, bc; only incipit and scoring known"
Q,,L4,Concerto (G major),,,,,,,,,,,,,,,,,Kon 6,,,,,"vlc, 2 vl, vla, bc; Breitkopf catalogue 1773; only scoring known; probably by Franz Johann Werner"
Q,,L5,Concerto,,,,,,,,,,,,,,,,,Kon 10,,,,,"lute, 2 vl, bc; Wiener Diarium 1731-01-24; only scoring known"
Q,,L6,Imitations-Konzert,,,,,,,,,,,,,,,,,Kon 11,,II.B.6,,,"mentioned in a lost letter by Werner [@Pohl1875, p. 211]"
Q,,S1,Concerto,,,,,,,,,,,,,,,,,Kon 3,,II.E.7,CZ-Pn XXXIV C 417,,likely by Franz Johann Werner
