rism_id,title,title_alt,genre,siglum,shelfmark,manual_intervention,notes,
1001101087,Litanies,,Litanies,A-A,787,,,
600037859,Masses,Missa Post nubila Phoebus,Masses,A-Ed,A 50,,,
600037860,Masses,,Masses,A-Ed,A 51,,,
600037861,Masses,,Masses,A-Ed,A 52,,,
600037862,Masses,Missa Estote hilarioris animi,Masses,A-Ed,A 53,,,
600037863,Masses,Missa Vicit leo de tribu Juda,Masses,A-Ed,A 54,,,
600037864,Masses,Missa S Theclae,Masses,A-Ed,A 55,,,
600037865,Masses,Missa Mallo mori quam faedari,Masses,A-Ed,A 56,,,
600037866,Masses,,Masses,A-Ed,A 58,,,
600037867,Masses,,Masses,A-Ed,A 60,,,
600037868,Masses,,Masses,A-Ed,A 61,,,
600037869,Masses,Missa In pace dormiam et requiescam,Masses,A-Ed,A 63,,,
600037870,Masses,,Masses,A-Ed,A 64,,,
600037871,Masses,Missa solitudinis,Masses,A-Ed,A 65,,,
600037872,Masses,,Masses,A-Ed,A 66,,,
600037874,Masses,,Masses,A-Ed,A 68,yes,shelfmark in RISM „A 69“,
600037873,Masses,,Masses,A-Ed,A 69,,includes Benedictus A69a,
600037875,Masses,,Masses,A-Ed,A 70,,,
600037876,Masses,,Masses,A-Ed,A 73,,,
600037877,Masses,,Masses,A-Ed,A 75,,,
600037878,Masses,Missa Pauci sunt dies mei,Masses,A-Ed,A 76,,,
600037879,Masses,,Masses,A-Ed,A 77,,,
600037881,Masses,,Masses,A-Ed,A 81,,,
600037892,Masses,,Masses,A-Ed,A 94,,,
600037966,Masses,,Masses,A-Ed,A 176,,by Scheibl (see 600077536),
600038017,Caelestia mortales,,Sacred songs,A-Ed,B 42,,,
600038018,Estote fortes in bello,,Motets,A-Ed,B 43,,,
600038019,Estote fortes in bello,,Motets,A-Ed,B 44 (1),,shelfmark suffix added,
600038019,Estote fortes in bello,,Motets,A-Ed,B 44 (2),yes,added,
600038020,Jam hiems transiit,,Motets,A-Ed,B 46,,,
600038021,Tota pulchra,,Motets,A-Ed,B 49,,,
600038022,Veni Creator Spiritus,,Motets,A-Ed,B 50,,,
600038023,Motets,,Motets,A-Ed,B 51,,,
600038024,Plaudentes virgini,,Motets,A-Ed,B 52,,,
600038025,Veni Creator Spiritus,,Motets,A-Ed,B 54,,,
600038026,Euge serve bone,,Motets,A-Ed,B 55,,,
600038027,Ave Maria,,Sacred songs,A-Ed,B 56,,,
600038028,Ecce quomodo moritur justus,,Sacred songs,A-Ed,B 61,,,
600038245,Te Deum,,Hymns,A-Ed,C 4,,,
600038246,Te Deum,,Hymns,A-Ed,C 5,,,
600038247,Te Deum,,Hymns,A-Ed,C 7,,,
600038248,Te Deum,,Hymns,A-Ed,C 8,,,
600038265,Requiems,,Requiems,A-Ed,D 11,,,
600038266,Requiems,,Requiems,A-Ed,D 12,,,
600038298,In monte Oliveti,,Responsories,A-Ed,F 5,,,
600038299,Omnes amici mei,,Responsories,A-Ed,F 6,,,
600038318,O salutaris hostia,Stationes,Responsories,A-Ed,F 32,,,
600038319,O salutaris hostia,,Sacred songs,A-Ed,F 32a,,,
600038469,Vespers,,Vespers,A-Ed,G 73,,,
600038470,Vespers,,Vespers,A-Ed,G 74,,,
600038320,Vespers,,Vespers,A-Ed,G 75,,,
600038321,Vespers,,Vespers,A-Ed,G 76,,,
600038322,Vespers,,Vespers,A-Ed,G 77,,,
600038323,Vespers,,Vespers,A-Ed,G 78,,,
600038324,Vespers,,Vespers,A-Ed,G 79,,,
600038325,Vespers,,Vespers,A-Ed,G 80,,,
600038326,Magnificat,,Canticles,A-Ed,G 81,,,
600038327,Laudate pueri,,Psalms,A-Ed,G 82,,,
600038328,Dixit Dominus,,Psalms,A-Ed,G 83,,,
600038329,Confitebor tibi Domine,,Psalms,A-Ed,G 84,,,
600038330,In exitu Israel,,Psalms,A-Ed,G 85,,,
600038331,Litanies,,Litanies,A-Ed,G 89,,,
600038332,Litanies,,Litanies,A-Ed,G 101,,,
600038333,Litanies,,Litanies,A-Ed,G 105,,,
600038474,Alma redemptoris mater,,Antiphons,A-Ed,H 4,,,
600038475,Alma redemptoris mater,,Antiphons,A-Ed,H 5,,,
600038476,Alma redemptoris mater,,Antiphons,A-Ed,H 6,,,
600038477,Alma redemptoris mater,,Antiphons,A-Ed,H 7,,,
600038478,Alma redemptoris mater,,Antiphons,A-Ed,H 8,,,
600038479,Alma redemptoris mater,,Antiphons,A-Ed,H 9,,,
600038480,Alma redemptoris mater,,Antiphons,A-Ed,H 12,,,
600038481,Alma redemptoris mater,,Antiphons,A-Ed,H 13,,,
600038482,Alma redemptoris mater,,Antiphons,A-Ed,H 13a,,,
600038483,Alma redemptoris mater,,Antiphons,A-Ed,H 14,,,
600038504,Ave regina,,Sacred songs,A-Ed,I 3,,,
600038505,Ave regina,,Sacred songs,A-Ed,I 4,,,
600038506,Ave regina,,Sacred songs,A-Ed,I 5,,,
600038507,Ave regina,,Sacred songs,A-Ed,I 6,,,
600038508,Ave regina,,Sacred songs,A-Ed,I 9,,,
600038541,Regina caeli,,Antiphons,A-Ed,J 13,,,
600038542,Regina caeli,,Antiphons,A-Ed,J 16,,,
600038543,Regina caeli,,Antiphons,A-Ed,J 17,,,
600038544,Regina caeli,,Antiphons,A-Ed,J 18,,,
600038545,Regina caeli,,Antiphons,A-Ed,J 19,,,
600038580,Salve regina,,Antiphons,A-Ed,K 22,,,
600038581,Salve regina,,Antiphons,A-Ed,K 25,,,
600038582,Salve regina,,Antiphons,A-Ed,K 27,,,
600038583,Salve regina,,Antiphons,A-Ed,K 28,,,
600038584,Salve regina,,Antiphons,A-Ed,K 29,,,
600038585,Salve regina,,Antiphons,A-Ed,K 30,,,
600038586,Salve regina,,Antiphons,A-Ed,K 31,,,
600038587,Salve regina,,Antiphons,A-Ed,K 32,,,
600038588,Salve regina,,Antiphons,A-Ed,K 33,,,
600038589,Salve regina,,Antiphons,A-Ed,K 34,,,
600038617,Sub tuum praesidium,,Sacred songs,A-Ed,L 1,,,
600038618,Sub tuum praesidium,,Sacred songs,A-Ed,L 2,,,
600038619,Sub tuum praesidium,,Sacred songs,A-Ed,L 4,,,
600038620,Sub tuum praesidium,,Sacred songs,A-Ed,L 5,,,
600038621,Sub tuum praesidium,,Sacred songs,A-Ed,L 6,,,
600038622,Sub tuum praesidium,,Sacred songs,A-Ed,L 8,,,
600038623,Sub tuum praesidium,,Sacred songs,A-Ed,L 9,,,
600038624,Sub tuum praesidium,,Sacred songs,A-Ed,L 11,,,
600038625,Sub tuum praesidium,,Sacred songs,A-Ed,L 12,,,
600038626,Sub tuum praesidium,,Sacred songs,A-Ed,L 13,,,
600038633,Doctor egregie Paule,,Hymns,A-Ed,M 7,,,
600038634,Ecce panis angelorum,,Sacred songs,A-Ed,M 8,,,
600038635,Tristes erant apostoli,,Hymns,A-Ed,M 9,,,
600038636,Salutis humanae sator,,Hymns,A-Ed,M 10,,,
600038637,Salutis humanae sator,,Hymns,A-Ed,M 11,,,
600038638,Ecce panis angelorum,,Sacred songs,A-Ed,M 12,,,
600038639,Veni Creator Spiritus,,Hymns,A-Ed,M 13,,,
600038640,Ut queant laxis resonare fibris,,Hymns,A-Ed,M 14,,,
600038641,Ut queant laxis resonare fibris,,Hymns,A-Ed,M 15,,,
600038642,Veni Creator Spiritus,,Hymns,A-Ed,M 16,,,
600038643,Tibi Christe splendor patris,,Hymns,A-Ed,M 20,,,
600038644,Caelestis urbs Jerusalem,,Hymns,A-Ed,M 25,,,
600038645,Exsultet caelum laudibus,,Hymns,A-Ed,M 26,,,
600038646,Exsultet orbis gaudiis,,Hymns,A-Ed,M 27,,,
600038647,Exsultet orbis gaudiis,,Hymns,A-Ed,M 28,,,
600038648,Iste confessor,,Hymns,A-Ed,M 29,,,
600038649,Iste confessor,,Hymns,A-Ed,M 30,,,
600038650,Iste confessor,,Hymns,A-Ed,M 31,,,
600038651,Deus tuorum militum,,Hymns,A-Ed,M 32,,,
600038653,Ave maris stella,,Hymns,A-Ed,M 34,,,
600038652,Deus tuorum militum,,Hymns,A-Ed,M 33,yes,shelfmark in RISM „M 35“,
600038654,Ave maris stella,,Hymns,A-Ed,M 35,,,
600038655,Jesu corona virginum,,Hymns,A-Ed,M 36,,,
600038656,Ave maris stella,,Hymns,A-Ed,M 37,,,
600038657,Fortem virili pectore,,Hymns,A-Ed,M 38,,,
600038658,Vexilla regis prodeunt,,Hymns,A-Ed,M 39,,,
600038659,Vexilla regis prodeunt,,Hymns,A-Ed,M 40,,,
600038660,Te lucis ante terminum,,Hymns,A-Ed,M 42,,,
605201797,Litaniae lauretanae,,Litanies,A-EF,97,yes,added manually,
605201798,Litaniae lauretanae,,Litanies,A-EF,98,yes,added manually,
990068294,Der alte wienerische Tandelmarkt,Die Bauern-Richters-Wahl,Partsongs,A-Eh,(n.i.),yes,shelfmark changed,
990068294,Der alte wienerische Tandelmarkt,Die Bauern-Richters-Wahl,Partsongs,A-El,56131,yes,added manually,
601000677,Litaniae lauretanae,,Litanies,A-GE,I 302,yes,added manually,
990068293,Partitas,,Partitas,A-GÖ,(n.i.),yes,shelfmark changed,
605000036,Litanies,,Litanies,A-GR,37,,,
600090676,Litanies,,Litanies,A-HE,III b 3,,,
600090677,Litanies,,Litanies,A-HE,III b 3,,,
600090694,Te Deum,,Hymns,A-HE,IV e 2,,,
600090695,Te Deum,,Hymns,A-HE,IV e 2,,,
600090692,Salve regina,,Antiphons,A-HE,IV e 4,,,
600090693,Salve regina,,Antiphons,A-HE,IV e 4,,,
600091425,Masses,,Masses,A-HE,VIII a 2,yes,added manually,
600090492,Masses,,Masses,A-HE,VIII a 6,yes,added manually,
600090689,Masses,Missa Trinitas in Unitate veneranda,Masses,A-HE,VIII a 6,yes,shelfmark changed,
600090678,Masses,Missa Deus providebit,"Masses (cantus firmus-, paraphrase-, parody masses)",A-HE,VIII a 6,,,
600090679,Masses,,Masses,A-HE,VIII a 6,,,
600090680,Masses,Missa antiquo moderna,Masses,A-HE,VIII a 6,,,
600090681,Masses,Missa In pace dormiam et requiescam,Masses,A-HE,VIII a 6,,,
600090682,Masses,Missa Laudate Dominum in sono tubae,Masses,A-HE,VIII a 6,,,
600090683,Masses,Missa Melioris spei,Masses,A-HE,VIII a 6,,,
600090684,Masses,,Masses,A-HE,VIII a 6,,,
600090685,Masses,Missa Quasi modo geniti,Masses,A-HE,VIII a 6,,,
600090686,Masses,Missa S Georgii,Masses,A-HE,VIII a 6,,,
600090687,Masses,Missa S Constantini Martyris,Masses,A-HE,VIII a 6,,,
600090688,Masses,Missa S Erasmi,Masses,A-HE,VIII a 6,,,
600090690,Masses,Missa Vox clamantis in deserto,Masses,A-HE,VIII a 6,,,
600090691,Masses,,Masses,A-HE,VIII a 6,,,
600090675,Lauda Jerusalem,,Psalms,A-HE,VIII b 3,,,
601001052,Jesu dulcis memoria,,Hymns,A-KN,118/11,,,
601001053,Hinc memor voti veteris,,Hymns,A-KN,118/12,,,
601001051,Fortem virili pectore,,Hymns,A-KN,118/13,,,
601001050,Jesu redemptor omnium,,Hymns,A-KN,118/14,,,
601001049,Vespers,,Vespers,A-KN,121,,,
601001000,Exsultet caelum laudibus,,Hymns,A-KN,130,,,
601001001,Exsultet orbis gaudiis,,Hymns,A-KN,130,,,
601001002,Vexilla regis prodeunt,,Hymns,A-KN,130,,,
601001003,Tibi Christe splendor patris,,Hymns,A-KN,130,,,
601001004,Jesu corona virginum,,Hymns,A-KN,130,,,
601001005,Iste confessor,,Hymns,A-KN,130,,,
601001006,Ave maris stella,,Hymns,A-KN,130,,,
601001007,Christe redemptor omnium,,Hymns,A-KN,130,,,
601001008,Iste confessor,,Hymns,A-KN,130,,,
601001009,Christe redemptor omnium,,Hymns,A-KN,130,,,
601001010,Deus tuorum militum,,Hymns,A-KN,130,,,
601001011,Salvete flores martyrum,,Hymns,A-KN,130,,,
601001012,Hostis Herodes impie,,Hymns,A-KN,130,,,
601001013,Doctor egregie Paule,,Hymns,A-KN,130,,,
601001014,Jesu dulcis memoria,,Hymns,A-KN,130,,,
601001015,Urbs Jerusalem beata,,Hymns,A-KN,130,,,
601001016,Tristes erant apostoli,,Hymns,A-KN,130,,,
601001017,Salutis humanae sator,,Hymns,A-KN,130,,,
601001018,Veni Creator Spiritus,,Hymns,A-KN,130,,,
601001019,Jam sol recedit igneus,,Hymns,A-KN,130,,,
601001020,Pange lingua,,Hymns,A-KN,130,,,
601001021,Ut queant laxis resonare fibris,,Hymns,A-KN,130,,,
601001022,Pater superni luminis,,Hymns,A-KN,130,,,
601001023,Quicumque Christum quaeritis,,Hymns,A-KN,130,,,
601001024,Fortem virili pectore,,Hymns,A-KN,130,,,
601001025,Jesu redemptor omnium,,Hymns,A-KN,130,,,
601001026,Ave maris stella,,Hymns,A-KN,130,,,
601001027,Exsultet orbis gaudiis,,Hymns,A-KN,130,,,
601001028,Iste confessor,,Hymns,A-KN,130,,,
601001029,Christe redemptor omnium,,Hymns,A-KN,130,,,
601001030,Deus tuorum militum,,Hymns,A-KN,130,,,
601001031,Crudelis Herodes Deum,,Hymns,A-KN,130,,,
601001032,Jesu dulcis memoria,,Hymns,A-KN,130,,,
601001033,Egregie doctor Paule,,Hymns,A-KN,130,,,
601001034,Caelestis urbs Jerusalem,,Hymns,A-KN,130,,,
601001035,Tristes erant apostoli,,Hymns,A-KN,130,,,
601001036,Vexilla regis prodeunt,,Hymns,A-KN,130,,,
601001037,Salutis humanae sator,,Hymns,A-KN,130,,,
601001038,Veni Creator Spiritus,,Hymns,A-KN,130,,,
601001039,Jam sol recedit igneus,,Hymns,A-KN,130,,,
601001040,Pange lingua,,Hymns,A-KN,130,,,
601001041,Ut queant laxis resonare fibris,,Hymns,A-KN,130,,,
601001042,Pater superni luminis,,Hymns,A-KN,130,,,
601001043,Fortem virili pectore,,Hymns,A-KN,130,,,
601001044,Qui lungo Christum quaeritis,,Hymns,A-KN,130,,,
601001045,Tibi Christe splendor patris,,Hymns,A-KN,130,,,
601001046,Quibus patris clementiam,,Hymns,A-KN,130,,,
601001047,Jesu corona virginum,,Hymns,A-KN,130,,,
601001048,Jesu redemptor omnium,,Hymns,A-KN,130,,,
600178837,6 Quartets,,Quartets (inst.),A-KR,G 54/181-186,,,
990068293,Partitas,,Partitas,A-KR,(n.i.),yes,added manually,
605020952,Litanies,,Litanies,A-KRB,030,,,
603000465,Symphonies,,Symphonies,A-LA,42,,,
1001169626,Symphonies,,Symphonies,A-LA,273,yes,added manually,
603001588,Masses,,Masses,A-LA,M 416,,,
605000416,Requiems,Requiem,Requiems,A-LIglisic,22,,spurious attribution,
1001101487,Litaniae lauretanae,,Litanies,A-LIm,MusHs 681,yes,added manually,
600054991,Litaniae lauretanae,,Litanies,A-MS,329,yes,added manually,
605000988,Litanies,,Litanies,A-RAN,31,yes,added manually,
605001120,Litanies,,Litanies,A-RAN,43,,,
605001147,Requiems,,Requiems,A-RAN,58,,spurious attribution,
659002490,Litaniae lauretanae,,Litanies,A-Sd,A 1679,yes,added manually,
605017964,Requiems,Requiem 1 in C,Requiems,A-SGG,040,,spurious attribution,
605017039,Litaniae lauretanae,,Litanies,A-TAI,22,yes,added manually,
605017157,Requiems,Requiem 1 in C,Requiems,A-TAI,140,,spurious attribution,
605017158,Requiems,Requiem in F,Requiems,A-TAI,141,,spurious attribution,
600501859,Alma redemptoris mater,,Antiphons,A-Wdp,B IV/449,,,
990068295,6 Fugues,,Fugues (inst.),A-Wgm,(n.i.),yes,shelfmark changed,
990068293,Partitas,,Partitas,A-Wgm,(n.i.),yes,added manually,
605002208,Masses,Missa pax vobis,Masses,A-WIL,1140,,,
600077665,2 Requiems,,,A-WIL,1141,,,
600077666,Requiems,,Requiems,A-WIL,1141,,spurious attribution,
600077667,Requiems,,Requiems,A-WIL,1141,,spurious attribution,
600077662,Masses,Missa Sanctae Lutgardis,Masses,A-WIL,1143,,,
600077661,Masses,Missa brevis,Masses,A-WIL,1144,,spurious attribution,
600077663,Gloria et honore,,Offertories,A-WIL,1145,,,
600139424,Concerto per la Camera (in A),,Chamber music,A-Wn,Mus.Hs.3751,,,
600139406,Concerto (in A),,Chamber music,A-Wn,Mus.Hs.3752,,,
600139438,Concerto (in G),,Chamber music,A-Wn,Mus.Hs.3753,,,
600139401,Litaney ex C Nr. II,,Vocal music,A-Wn,Mus.Hs.14739,,,
600101286,2 Messen,,Chormusik,A-Wn,Mus.Hs.15584 (1),yes,added number to shelfmark,
600101286,2 Messen,,Chormusik,A-Wn,Mus.Hs.15584 (2),yes,added,
600101187,"Fuge ""Amen"" und Antiphona ""O quam suavis es""",,Chormusik,A-Wn,Mus.Hs.15974 (1),yes,added number to shelfmark,
600101187,"Fuge ""Amen"" und Antiphona ""O quam suavis es""",,Chormusik,A-Wn,Mus.Hs.15974 (2),yes,added,
600139736,Lytania in C,,Vocal music,A-Wn,Mus.Hs.21709,,,
600139488,Wienerischer Tändlmarkt,,Vocal music,A-Wn,Mus.Hs.29691,,,
600139562,Wienerischer Tändlmarkt,,Vocal music,A-Wn,Mus.Hs.29692,,,
600146816,Wienerischer Tändlmarkt,,Vocal music,A-Wn,Mus.Hs.29693,,,
600139517,Der Wiennerische Taendlmarckt (!),,Vocal music,A-Wn,Mus.Hs.29695,,,
990068295,6 Fugues,,Fugues (inst.),A-Wn,MS10118-4°,yes,added manually,
990068293,Partitas,,Partitas,A-Wn,MS37-4°/1-3,yes,added manually,
990068295,6 Fugues,,Fugues (inst.),A-Wnh,SH.Werner.1,yes,added manually,
600258652,Rorate caeli,,Introits,A-Wps,126/1,yes,shelfmark changed,
600258652,Rorate caeli,,Introits,A-Wps,126/2,yes,shelfmark changed,
990068295,6 Fugues,,Fugues (inst.),A-Wst,(n.i.),yes,added manually,
992003221,Der alte wienerische Tandelmarkt,,Partsongs,A-Wst,(n.i.),yes,shelfmark changed,
600067079,Vespers,,Vespers,A-Z,V/45,,,
700001744,Sonatas,,Sonatas,B-Bc,7184,,,
990068294,Der alte wienerische Tandelmarkt,Die Bauern-Richters-Wahl,Partsongs,CH-Bchristen,(n.i.),yes,added manually,
990068294,Der alte wienerische Tandelmarkt,Die Bauern-Richters-Wahl,Partsongs,CH-Lz,651.4 (K4),yes,added manually,
550268621,Masses,Missa Beatae Mariae Virginis,Masses,CZ-Pak,1341,,,
550268622,Masses,Missa bonae spei,Masses,CZ-Pak,1342,,,
550268623,Masses,Missa Fiducia in Deum,Masses,CZ-Pak,1343,,,
550268624,Masses,Missa Quoniam hic est Deus,Masses,CZ-Pak,1344,,,
550268625,Tradiderunt me,,Offertories,CZ-Pak,1345,,,
550268626,Salve regina,,Sacred songs,CZ-Pak,1346,,,
550266726,Credo Sanctus and Agnus Dei,,Sacred songs,CZ-Pkřiž,XXXV A 199,,,
550266727,Masses,,Masses,CZ-Pkřiž,XXXV A 200,,,
550266730,Masses,,Masses,CZ-Pkřiž,XXXV A 203,,,
1001046373,Ave Maria klare du lichter Morgenstern,,Sacred vocal music,CZ-Pr,ARCH 2275,,,
453012928,Symphonies,,Symphonies,D-As,4 Cod mus 85,yes,added manually,
452506111,Fugues,,Fugues (inst.),D-B,Am.B 530 (1),,,
452506112,Fugues,,Fugues (inst.),D-B,Am.B 530 (2),,,
452506113,Fugues,,Fugues (inst.),D-B,Am.B 530 (3),,,
452506114,Fugues,,Fugues (inst.),D-B,Am.B 530 (4),,,
452506115,Fugues,,Fugues (inst.),D-B,Am.B 530 (5),,,
452506116,Fugues,,Fugues (inst.),D-B,Am.B 530 (6),,,
452519563,Der neue Italiener,,Cantatas,D-B,Mus.ms. 22013/30,,,
452519578,Christe redemptor omnium conserva,,Hymns,D-B,Mus.ms. 23013,,,
452519577,Christe redemptor omnium conserva,,Hymns,D-B,Mus.ms. 23013/1,,,
452519574,Ut queant laxis resonare fibris,,Hymns,D-B,Mus.ms. 23013/2,,,
452519575,Christe redemptor omnium conserva,,Hymns,D-B,Mus.ms. 23013/2,,,
452519576,Wienerischer Tandlmarkt,,Quodlibets,D-B,Mus.ms. 23013/20,,,
455030879,Salve regina,,Antiphons,D-B,Mus.ms. 30177,,,
455030880,Alma redemptoris mater,,Antiphons,D-B,Mus.ms. 30177,,,
455030881,Ave maris stella,,Hymns,D-B,Mus.ms. 30177,,,
990068295,6 Fugues,,Fugues (inst.),D-B,"N.Mus.Nachl. 99,741",yes,added manually,
469354107,Fugues,,Fugues,D-Bsa,SA 3541 (7),yes,added manually,
469490500,Sonatas,"Sonaten, Vl 1 Vl 2 Bc, A-Dur",Sonatas,D-Bsa,SA 4905,,,
469490600,Sonatas,"Sonaten, Vl 1 Vl 2 Bc, d-Moll",Sonatas,D-Bsa,SA 4906,,,
990068292,6 Symphonies,,Symphonies,D-Dl,Mus.2462.Q.1,yes,shelfmark changed,
1001054545,Salve regina,,Antiphons,D-Dl,Mus.2462-E-1,,,
1001161717,Neuer und sehr Curios-Musicalischer Instrumental-Calender,,Partitas,D-Dl,Mus.2462-P-500,,,
450002723,Alma redemptoris mater,,Antiphons,D-DS,Mus.ms 584,,,
450002724,Salve regina,,Antiphons,D-DS,Mus.ms 1292,,,
450002726,Dies irae,,Sequences,D-DS,Mus.ms 1294,,,
990068293,Partitas,,Partitas,D-LI,(n.i.),yes,added manually,
990068295,6 Fugues,,Fugues (inst.),D-Mbs,4 Mus.pr. 14412,yes,added manually,
990068293,Partitas,,Partitas,D-Mbs,2 Mus.pr. 288,yes,added manually,
451024498,Salve regina,,Sacred songs,D-MÜs,SANT Hs 4310,,,
451024499,Salve regina,,Sacred songs,D-MÜs,SANT Hs 4311,,,
451024488,Furiae vos divae abyssi volate,,Arias (voc.),D-MÜs,SANT Hs 4312,,,
455039733,Litaniae lauretanae,,Litanies,D-NATk,NA/SP (A-21),yes,added manually,
450007678,Masses,,Masses,D-OB,MO 312,yes,added manually,
990068294,Der alte wienerische Tandelmarkt,Die Bauern-Richters-Wahl,Partsongs,D-WWW,K 12 Nr. 69,yes,added manually,
990068292,6 Symphonies,,Symphonies,F-AG,(n.i.),yes,added,
990068293,Partitas,,Partitas,F-Pc,(n.i.),yes,added manually,
990068292,6 Symphonies,,Symphonies,GB-DRc,(n.i.),yes,added,
990068295,6 Fugues,,Fugues (inst.),GB-Lbl,Hirsch III.586.,yes,added manually,
990068294,Der alte wienerische Tandelmarkt,Die Bauern-Richters-Wahl,Partsongs,GB-Lbl,(n.i.),yes,added manually,
530001911,Der so eiffrig in sein Schäflein verliebte gute Hirt,,Oratorios,H-Bn,Ms.mus III.1,,,
530001912,Die Von dem stoltzen Holoferne bis zum Todt gebreste Stadt Bethulia,,Oratorios,H-Bn,Ms.mus III.2,,,
530001913,Der So treu- als heillos wider seinen sanfftmütigen Vatter David rebellierende Sohn Absalon,Der Dadurch vorgebildte und wider seinen so liebreichen Gott hartnäckig widersetzende Sünder,Oratorios,H-Bn,Ms.mus III.3,,,
530001914,Die allgemeine Auferstehung,,Oratorios,H-Bn,Ms.mus III.4,,,
530001915,Die glückseligst vermählte und bis zum höchsten Gipfel der Ehren erhobene durchlauchtige Braut Esther,,Oratorios,H-Bn,Ms.mus III.5,,,
530001916,Der von der Gerechtigkeit abgeschreckte verlorene Sohn,Der Zu seinem verliebeten Heiland sich wendende reumütige Sünder,Oratorios,H-Bn,Ms.mus III.6,,,
530001917,Der Jammervolle so gedultig als unschuldig-leydende Hussiten Fürst Job,Der Dadurch vorgestellte und von Anbeginn erwählte allerhöchste König der Juden Christus Jesus,Oratorios,H-Bn,Ms.mus III.7,,,
530001918,Adam,,Oratorios,H-Bn,Ms.mus III.8,,,
530001919,Die Durch des Neides Trieb auf das grimmigst gehaßte Tugend,Der Von dem rasenden König Saul so sanft als heldenmütig bis zum Tod verfolgte David,Oratorios,H-Bn,Ms.mus III.9,,,
530001920,Daniel,,Oratorios,H-Bn,Ms.mus III.10,,,
530001921,Judas Makkabeus,,Oratorios,H-Bn,Ms.mus III.11,,,
530001922,Debora,,Oratorios,H-Bn,Ms.mus III.12,,,
530001923,Masses,,Masses,H-Bn,Ms.mus III.13,,by Caldara,
530001924,Masses,,Masses,H-Bn,Ms.mus III.14,,,
530001925,Masses,,Masses,H-Bn,Ms.mus III.15,,,
530001926,Masses,Missa victoriosa,Masses,H-Bn,Ms.mus III.16,,,
530001927,Masses,Missa Intendi mi ch'io t'intendo,Masses,H-Bn,Ms.mus III.17,,,
530001928,Masses,Missa Annuntio vobis gaudium,"Masses (cantus firmus-, paraphrase-, parody masses)",H-Bn,Ms.mus III.18,,,
530001929,Masses,Missa Sunt bona mixta malis,Masses,H-Bn,Ms.mus III.19,,,
530001930,Masses,Missa in contrapuncto,Masses,H-Bn,Ms.mus III.20,,,
530001931,Masses,Missa divi Francisci de Hyeronimo,Masses,H-Bn,Ms.mus III.21,,,
530001932,Masses,Missa S Theclae,Masses,H-Bn,Ms.mus III.22,,,
530001933,Masses,Missa Vox clamantis in deserto,Masses,H-Bn,Ms.mus III.23,,,
530001934,Masses,Missa in celeri transitu,Masses,H-Bn,Ms.mus III.24,,,
530001935,Masses,Missa Quare quia,Masses,H-Bn,Ms.mus III.25,,,
530001936,Masses,Missa Jam hyems transiit,Masses,H-Bn,Ms.mus III.26,,,
530001937,Masses,,Masses,H-Bn,Ms.mus III.27,,,
530001938,Masses,,Masses,H-Bn,Ms.mus III.28,,,
530001939,Masses,,Masses,H-Bn,Ms.mus III.29,,,
530001940,Masses,Missa alacrioris animi,Masses,H-Bn,Ms.mus III.30,,,
530001941,Masses,Missa in minimis festis,Masses,H-Bn,Ms.mus III.31,,,
530001942,Masses,Missa solitaria,Masses,H-Bn,Ms.mus III.32,,,
530001943,Masses,Missa S Floriani Martyris,Masses,H-Bn,Ms.mus III.33,,,
530001944,Masses,Missa Quasi vero,Masses,H-Bn,Ms.mus III.34,,,
530001945,Masses,Missa festivalis e brevis,Masses,H-Bn,Ms.mus III.35,,,
530001946,Masses,Missa contrapunctata,Masses,H-Bn,Ms.mus III.36,,,
530001947,Requiems,,Requiems,H-Bn,Ms.mus III.37,,,
530001948,Masses,,Masses,H-Bn,Ms.mus III.38/b,,by Maschek,
530003971,Masses,,Masses,H-Bn,Ms.mus III.39/1,,,
530003972,Masses,,Masses,H-Bn,Ms.mus III.39/2,,,
530003973,Masses,,Masses,H-Bn,Ms.mus III.39/3,,,
530003974,Masses,,Masses,H-Bn,Ms.mus III.39/4,,,
530003975,Masses,,Masses,H-Bn,Ms.mus III.39/5,,,
530003976,Masses,,Masses,H-Bn,Ms.mus III.39/6,,,
530003977,Masses,,Masses,H-Bn,Ms.mus III.39/7,,,
530001949,Masses,,Masses,H-Bn,Ms.mus III.41,,,
530001950,Masses,,Masses,H-Bn,Ms.mus III.42,,,
530001951,Masses,,Masses,H-Bn,Ms.mus III.43,,,
530001952,Masses,Missa Jam cursum consumavi,Masses,H-Bn,Ms.mus III.44,,,
530001953,Masses,Missa alla zoppa,Masses,H-Bn,Ms.mus III.45,,,
530001954,Masses,Missa Breves sunt dies hominis,Masses,H-Bn,Ms.mus III.46,,,
530001955,Masses,Missa Tota spes mea inter optimum Deum,Masses,H-Bn,Ms.mus III.47,,,
530001956,Masses,Missa Laetatus sum,Masses,H-Bn,Ms.mus III.48,,,
530001957,Masses,Missa Quis ut Deus,Masses,H-Bn,Ms.mus III.49,,,
530001958,Masses,,Masses,H-Bn,Ms.mus III.50,,,
530001959,Masses,Missa Divino amori,Masses,H-Bn,Ms.mus III.51,,,
530001960,Masses,Missa primitiva,Masses,H-Bn,Ms.mus III.52,,,
530001961,Masses,,Masses,H-Bn,Ms.mus III.53,,,
530001962,Masses,Missa variabilis,Masses,H-Bn,Ms.mus III.54,,,
530001963,Masses,,Masses,H-Bn,Ms.mus III.55,,,
530001964,Requiems,,Requiems,H-Bn,Ms.mus III.56,,,
530001965,Requiems,,Requiems,H-Bn,Ms.mus III.57,,,
530001966,O felix portiuncula,,Offertories,H-Bn,Ms.mus III.58,,,
530002140,Ad te Domine levavi,,Offertories,H-Bn,Ms.mus III.59,,,
530001967,In monte Oliveti,,Offertories,H-Bn,Ms.mus III.60,,,
530001968,O Maria semper pia,,Offertories,H-Bn,Ms.mus III.61,,,
530005546,Rorate caeli,,Sacred songs,H-Bn,Ms.mus III.62 (1),yes,shelfmark suffix added,
530005547,Rorate caeli,,Sacred songs,H-Bn,Ms.mus III.62 (2),yes,shelfmark suffix added,
530001970,Rorate caeli,,Sacred songs,H-Bn,Ms.mus III.63,,,
530001971,Rorate caeli,,Sacred songs,H-Bn,Ms.mus III.64,,,
530001972,Litanies,,Litanies,H-Bn,Ms.mus III.65,,,
530001973,Litanies,,Litanies,H-Bn,Ms.mus III.66,,,
530001974,Litanies,,Litanies,H-Bn,Ms.mus III.67,,,
530001975,Litanies,,Litanies,H-Bn,Ms.mus III.68,,,
530001976,Litanies,,Litanies,H-Bn,Ms.mus III.69,,,
530001977,Litanies,,Litanies,H-Bn,Ms.mus III.70,,,
530001978,Litanies,,Litanies,H-Bn,Ms.mus III.71,,,
530004262,Litanies,,Litanies,H-Bn,Ms.mus III.72 (1),yes,shelfmark suffix added,
530004263,O salutaris hostia,,Hymns,H-Bn,Ms.mus III.72 (2),yes,shelfmark suffix added,
530004264,Litanies,,Litanies,H-Bn,Ms.mus III.73 (1),yes,shelfmark suffix added,
530004265,Sub tuum praesidium,,Sacred songs,H-Bn,Ms.mus III.73 (2),yes,shelfmark suffix added,
530001981,Litanies,,Litanies,H-Bn,Ms.mus III.74,,,
530001982,Litanies,,Litanies,H-Bn,Ms.mus III.75,,,
530001983,Litanies,,Litanies,H-Bn,Ms.mus III.76,,,
530001984,Litanies,,Litanies,H-Bn,Ms.mus III.77,,,
530001985,Litanies,,Litanies,H-Bn,Ms.mus III.78,,,
530001986,Litanies,,Litanies,H-Bn,Ms.mus III.79,,,
530001987,Litanies,,Litanies,H-Bn,Ms.mus III.80,,,
530001988,Litanies,,Litanies,H-Bn,Ms.mus III.81,,,
530001989,Litanies,,Litanies,H-Bn,Ms.mus III.83,,Same as Ms.mus III.67,
530001990,Litanies,,Litanies,H-Bn,Ms.mus III.84,,,
530001991,Litanies,,Litanies,H-Bn,Ms.mus III.85,,,
530001992,Litanies,,Litanies,H-Bn,Ms.mus III.86,,,
530001993,Litanies,,Litanies,H-Bn,Ms.mus III.87,,,
530002141,Vespers,,Vespers,H-Bn,Ms.mus III.88,,,
530002142,Vespers,,Vespers,H-Bn,Ms.mus III.89,,,
530002143,Vespers,,Vespers,H-Bn,Ms.mus III.90,,,
530002144,Vespers,,Vespers,H-Bn,Ms.mus III.91,,,
530002145,Vespers,,Vespers,H-Bn,Ms.mus III.92,,,
530002146,Vespers,,Vespers,H-Bn,Ms.mus III.93,,,
530002147,Vespers,,Vespers,H-Bn,Ms.mus III.94,,,
530002148,Vespers,,Vespers,H-Bn,Ms.mus III.95,,,
530002149,Vespers,,Vespers,H-Bn,Ms.mus III.96,,,
530002150,Vespers,,Vespers,H-Bn,Ms.mus III.97,,,
530002151,Vespers,,Vespers,H-Bn,Ms.mus III.98,yes,added,
530002152,Vespers,,Vespers,H-Bn,Ms.mus III.99,,,
530002153,Vespers,,Vespers,H-Bn,Ms.mus III.100,,,
530001994,Salve regina,,Antiphons,H-Bn,Ms.mus III.101,,,
530001995,Salve regina,,Antiphons,H-Bn,Ms.mus III.102,,,
530001996,Salve regina,,Antiphons,H-Bn,Ms.mus III.103,,,
530001997,Salve regina,,Antiphons,H-Bn,Ms.mus III.104,,,
530001998,Salve regina,,Antiphons,H-Bn,Ms.mus III.105,,,
530001999,Salve regina,,Antiphons,H-Bn,Ms.mus III.106,,,
530002000,Salve regina,,Antiphons,H-Bn,Ms.mus III.107,,,
530002001,Salve regina,,Antiphons,H-Bn,Ms.mus III.108,,,
530002002,Salve regina,,Antiphons,H-Bn,Ms.mus III.109,,,
530002003,Salve regina,,Antiphons,H-Bn,Ms.mus III.110,,,
530002004,Salve regina,,Antiphons,H-Bn,Ms.mus III.111,,,
530002005,Salve regina,,Antiphons,H-Bn,Ms.mus III.112,,,
530002006,Salve regina,,Antiphons,H-Bn,Ms.mus III.113,,,
530002007,Salve regina,,Antiphons,H-Bn,Ms.mus III.114,,,
530002008,Salve regina,,Antiphons,H-Bn,Ms.mus III.115,,,
530002009,Salve regina,,Antiphons,H-Bn,Ms.mus III.116,,,
530002010,Salve regina,,Antiphons,H-Bn,Ms.mus III.117,,,
530002011,Salve regina,,Antiphons,H-Bn,Ms.mus III.118,,,
530002015,Salve regina,,Antiphons,H-Bn,Ms.mus III.119,,,
530002016,Salve regina,,Antiphons,H-Bn,Ms.mus III.120,,,
530002013,Salve regina,,Antiphons,H-Bn,Ms.mus III.121,,,
530002012,Salve regina,,Antiphons,H-Bn,Ms.mus III.122,,,
530002014,Salve regina,,Antiphons,H-Bn,Ms.mus III.123,,,
530002017,Salve regina,,Antiphons,H-Bn,Ms.mus III.124,,,
530002018,Salve regina,,Antiphons,H-Bn,Ms.mus III.125,,,
530002019,Salve regina,,Antiphons,H-Bn,Ms.mus III.126,,,
530002020,Salve regina,,Antiphons,H-Bn,Ms.mus III.127,,,
530002021,Salve regina,,Antiphons,H-Bn,Ms.mus III.128,,,
530002022,Salve regina,,Antiphons,H-Bn,Ms.mus III.129,,,
530002023,Salve regina,,Antiphons,H-Bn,Ms.mus III.130,,,
530002024,Salve regina,,Antiphons,H-Bn,Ms.mus III.131,,,
530002025,Salve regina,,Antiphons,H-Bn,Ms.mus III.132,,,
530002026,Salve regina,,Antiphons,H-Bn,Ms.mus III.133,,,
530002027,Salve regina,,Antiphons,H-Bn,Ms.mus III.134,,,
530002028,Salve regina,,Antiphons,H-Bn,Ms.mus III.135,,,
530002029,Salve regina,,Antiphons,H-Bn,Ms.mus III.136,,,
530002030,Salve regina,,Antiphons,H-Bn,Ms.mus III.137,,,
530002031,Salve regina,,Antiphons,H-Bn,Ms.mus III.138,,,
530002032,Salve regina,,Antiphons,H-Bn,Ms.mus III.139,,,
530002033,Salve regina,,Antiphons,H-Bn,Ms.mus III.140,,,
530002034,Salve regina,,Antiphons,H-Bn,Ms.mus III.141,,,
530002035,Salve regina,,Antiphons,H-Bn,Ms.mus III.142,,,
530002036,Salve regina,,Antiphons,H-Bn,Ms.mus III.143,,,
530002037,Salve regina,,Antiphons,H-Bn,Ms.mus III.144,,,
530002038,Ave regina,,Sacred songs,H-Bn,Ms.mus III.145,,,
530002039,Ave regina,,Sacred songs,H-Bn,Ms.mus III.146,,,
530002040,Ave regina,,Sacred songs,H-Bn,Ms.mus III.147,,,
530002041,Ave regina,,Sacred songs,H-Bn,Ms.mus III.148,,,
530002042,Ave regina,,Sacred songs,H-Bn,Ms.mus III.149,,,
530002043,Ave regina,,Sacred songs,H-Bn,Ms.mus III.150,,,
530002044,Ave regina,,Sacred songs,H-Bn,Ms.mus III.151,,,
530002045,Ave regina,,Sacred songs,H-Bn,Ms.mus III.152,,,
530002046,Ave regina,,Sacred songs,H-Bn,Ms.mus III.153,,,
530002047,Ave regina,,Sacred songs,H-Bn,Ms.mus III.154,,,
530002048,Ave regina,,Sacred songs,H-Bn,Ms.mus III.155,,,
530002049,Ave regina,,Sacred songs,H-Bn,Ms.mus III.156,,,
530002050,Ave regina,,Sacred songs,H-Bn,Ms.mus III.157,,,
530002051,Ave regina,,Sacred songs,H-Bn,Ms.mus III.158,,,
530002052,Ave regina,,Sacred songs,H-Bn,Ms.mus III.159,,,
530002053,Alma redemptoris mater,,Antiphons,H-Bn,Ms.mus III.160,,,
530002054,Alma redemptoris mater,,Antiphons,H-Bn,Ms.mus III.161,,,
530002055,Alma redemptoris mater,,Antiphons,H-Bn,Ms.mus III.162,,,
530002056,Alma redemptoris mater,,Antiphons,H-Bn,Ms.mus III.163,,,
530002057,Alma redemptoris mater,,Antiphons,H-Bn,Ms.mus III.164,,,
530002058,Alma redemptoris mater,,Antiphons,H-Bn,Ms.mus III.165,,,
530002059,Alma redemptoris mater,,Antiphons,H-Bn,Ms.mus III.166,,,
530002060,Alma redemptoris mater,,Antiphons,H-Bn,Ms.mus III.167,,,
530002061,Alma redemptoris mater,,Antiphons,H-Bn,Ms.mus III.168,,,
530002062,Alma redemptoris mater,,Antiphons,H-Bn,Ms.mus III.169,,,
530002063,Alma redemptoris mater,,Antiphons,H-Bn,Ms.mus III.170,,,
530002064,Alma redemptoris mater,,Antiphons,H-Bn,Ms.mus III.171,,,
530002078,Alma redemptoris mater,,Antiphons,H-Bn,Ms.mus III.172,,,
530002079,Alma redemptoris mater,,Antiphons,H-Bn,Ms.mus III.173,,,
530002080,Alma redemptoris mater,,Antiphons,H-Bn,Ms.mus III.174,,,
530002081,Alma redemptoris mater,,Antiphons,H-Bn,Ms.mus III.175,,,
530002065,Alma redemptoris mater,,Antiphons,H-Bn,Ms.mus III.176,,,
530002066,Alma redemptoris mater,,Antiphons,H-Bn,Ms.mus III.177,,,
530002067,Alma redemptoris mater,,Antiphons,H-Bn,Ms.mus III.178,,,
530002068,Alma redemptoris mater,,Antiphons,H-Bn,Ms.mus III.179,,,
530002069,Alma redemptoris mater,,Antiphons,H-Bn,Ms.mus III.180,,,
530002070,Alma redemptoris mater,,Antiphons,H-Bn,Ms.mus III.181,,,
530002071,Alma redemptoris mater,,Antiphons,H-Bn,Ms.mus III.182,,,
530002072,Alma redemptoris mater,,Antiphons,H-Bn,Ms.mus III.183,,,
530002073,Alma redemptoris mater,,Antiphons,H-Bn,Ms.mus III.184,,,
530002074,Alma redemptoris mater,,Antiphons,H-Bn,Ms.mus III.185,,,
530002075,Alma redemptoris mater,,Antiphons,H-Bn,Ms.mus III.186,,,
530002076,Alma redemptoris mater,,Antiphons,H-Bn,Ms.mus III.187,,,
530002077,Alma redemptoris mater,,Antiphons,H-Bn,Ms.mus III.188,,,
530002082,Regina caeli,,Antiphons,H-Bn,Ms.mus III.189,,,
530002083,Regina caeli,,Antiphons,H-Bn,Ms.mus III.190,,,
530002084,Regina caeli,,Antiphons,H-Bn,Ms.mus III.191,,,
530002085,Regina caeli,,Antiphons,H-Bn,Ms.mus III.192,,,
530002086,Regina caeli,,Antiphons,H-Bn,Ms.mus III.193,,,
530002087,Regina caeli,,Antiphons,H-Bn,Ms.mus III.194,,,
530002088,Regina caeli,,Antiphons,H-Bn,Ms.mus III.195,,,
530002169,Regina caeli,,Antiphons,H-Bn,Ms.mus III.196,,,
530002089,Regina caeli,,Antiphons,H-Bn,Ms.mus III.197,,,
530002090,Regina caeli,,Antiphons,H-Bn,Ms.mus III.198,,,
530002091,Regina caeli,,Antiphons,H-Bn,Ms.mus III.199,,,
530002092,Regina caeli,,Antiphons,H-Bn,Ms.mus III.200,,,
530002093,Regina caeli,,Antiphons,H-Bn,Ms.mus III.201,,,
530002094,Regina caeli,,Antiphons,H-Bn,Ms.mus III.202,,,
530002095,Regina caeli,,Antiphons,H-Bn,Ms.mus III.203,,,
530002096,Regina caeli,,Antiphons,H-Bn,Ms.mus III.204,,,
530002097,Regina caeli,,Antiphons,H-Bn,Ms.mus III.205,,,
530002098,Regina caeli,,Antiphons,H-Bn,Ms.mus III.206,,,
530002100,Regina caeli,,Antiphons,H-Bn,Ms.mus III.207,,,
530002099,Regina caeli,,Antiphons,H-Bn,Ms.mus III.208,,,
530002171,Exsultet caelum laudibus,,Hymns,H-Bn,Ms.mus III.209 (1),yes,shelfmark suffix added,
530002172,Vexilla regis prodeunt,,Hymns,H-Bn,Ms.mus III.209 (3),yes,shelfmark suffix added,
530002173,Christe redemptor omnium,,Hymns,H-Bn,Ms.mus III.209 (8),yes,shelfmark suffix added,
530002174,Jesu redemptor omnium,,Hymns,H-Bn,Ms.mus III.209 (27),yes,shelfmark suffix added,
530004268,Exsultet orbis gaudiis,,Hymns,H-Bn,Ms.mus III.209 (2),yes,shelfmark suffix added,
530004269,Tibi Christe splendor patris,,Hymns,H-Bn,Ms.mus III.209 (4),yes,shelfmark suffix added,
530004270,Jesu corona virginum,,Hymns,H-Bn,Ms.mus III.209 (5),yes,shelfmark suffix added,
530004271,Iste confessor,,Hymns,H-Bn,Ms.mus III.209 (6),yes,shelfmark suffix added,
530004272,Ave maris stella,,Hymns,H-Bn,Ms.mus III.209 (7),yes,shelfmark suffix added,
530004273,Iste confessor,,Hymns,H-Bn,Ms.mus III.209 (9),yes,shelfmark suffix added,
530004274,Christe redemptor omnium,,Hymns,H-Bn,Ms.mus III.209 (10),yes,shelfmark suffix added,
530004275,Deus tuorum militum,,Hymns,H-Bn,Ms.mus III.209 (11),yes,shelfmark suffix added,
530004276,Salvete flores martyrum,,Hymns,H-Bn,Ms.mus III.209 (12),yes,shelfmark suffix added,
530004277,Hostis Herodes impie,,Hymns,H-Bn,Ms.mus III.209 (13),yes,shelfmark suffix added,
530004278,Doctor egregie Paule,,Hymns,H-Bn,Ms.mus III.209 (14),yes,shelfmark suffix added,
530004279,Jesu dulcis memoria,,Hymns,H-Bn,Ms.mus III.209 (15),yes,shelfmark suffix added,
530004280,Urbs Jerusalem beata,,Hymns,H-Bn,Ms.mus III.209 (16),yes,shelfmark suffix added,
530004281,Tristes erant apostoli,,Hymns,H-Bn,Ms.mus III.209 (17),yes,shelfmark suffix added,
530004282,Salutis humanae sator,,Hymns,H-Bn,Ms.mus III.209 (18),yes,shelfmark suffix added,
530004283,Veni Creator Spiritus,,Hymns,H-Bn,Ms.mus III.209 (19),yes,shelfmark suffix added,
530004284,Jam sol recedit igneus,,Hymns,H-Bn,Ms.mus III.209 (20),yes,shelfmark suffix added,
530004285,Pange lingua,,Hymns,H-Bn,Ms.mus III.209 (21),yes,shelfmark suffix added,
530004286,Ut queant laxis resonare fibris,,Hymns,H-Bn,Ms.mus III.209 (22),yes,shelfmark suffix added,
530004287,Pater superni luminis,,Hymns,H-Bn,Ms.mus III.209 (23),yes,shelfmark suffix added,
530004288,Quicumque Christum quaeritis,,Hymns,H-Bn,Ms.mus III.209 (24),yes,shelfmark suffix added,
530004289,Fortem virili pectore,,Hymns,H-Bn,Ms.mus III.209 (25),yes,shelfmark suffix added,
530004290,Christus natus est nobis,,Hymns,H-Bn,Ms.mus III.209 (26),yes,shelfmark suffix added,
530004291,In dulci jubilo,,Sacred songs,H-Bn,Ms.mus III.209 (28),yes,shelfmark suffix added,
530004292,Puer natus in Bethlehem,,Hymns,H-Bn,Ms.mus III.209 (29),yes,shelfmark suffix added,
530002176,Ave maris stella,,Hymns,H-Bn,Ms.mus III.210 (1),yes,shelfmark suffix added,
530002177,Jesu redemptor omnium,,Hymns,H-Bn,Ms.mus III.210 (24),yes,shelfmark suffix added,
530004293,Exsultet orbis gaudiis,,Hymns,H-Bn,Ms.mus III.210 (2),yes,shelfmark suffix added,
530004294,Iste confessor,,Hymns,H-Bn,Ms.mus III.210 (3),yes,shelfmark suffix added,
530004295,Christe redemptor omnium,,Hymns,H-Bn,Ms.mus III.210 (4),yes,shelfmark suffix added,
530004296,Deus tuorum militum,,Hymns,H-Bn,Ms.mus III.210 (5),yes,shelfmark suffix added,
530004297,Crudelis Herodes Deum,,Hymns,H-Bn,Ms.mus III.210 (6),yes,shelfmark suffix added,
530004298,Jesu dulcis memoria,,Hymns,H-Bn,Ms.mus III.210 (7),yes,shelfmark suffix added,
530004299,Egregie doctor Paule,,Hymns,H-Bn,Ms.mus III.210 (8),yes,shelfmark suffix added,
530004300,Caelestis urbs Jerusalem,,Hymns,H-Bn,Ms.mus III.210 (9),yes,shelfmark suffix added,
530004301,Tristes erant apostoli,,Hymns,H-Bn,Ms.mus III.210 (10),yes,shelfmark suffix added,
530004302,Vexilla regis prodeunt,,Hymns,H-Bn,Ms.mus III.210 (11),yes,shelfmark suffix added,
530004303,Salutis humanae sator,,Hymns,H-Bn,Ms.mus III.210 (12),yes,shelfmark suffix added,
530004304,Veni Creator Spiritus,,Hymns,H-Bn,Ms.mus III.210 (13),yes,shelfmark suffix added,
530004305,Jam sol recedit igneus,,Hymns,H-Bn,Ms.mus III.210 (14),yes,shelfmark suffix added,
530004306,Pange lingua,,Hymns,H-Bn,Ms.mus III.210 (15),yes,shelfmark suffix added,
530004307,Ut queant laxis resonare fibris,,Hymns,H-Bn,Ms.mus III.210 (16),yes,shelfmark suffix added,
530004308,Pater superni luminis,,Hymns,H-Bn,Ms.mus III.210 (17),yes,shelfmark suffix added,
530004309,Fortem virili pectore,,Hymns,H-Bn,Ms.mus III.210 (18),yes,shelfmark suffix added,
530004310,Quicumque Christum quaeritis,,Hymns,H-Bn,Ms.mus III.210 (19),yes,shelfmark suffix added,
530004311,Tibi Christe splendor patris,,Hymns,H-Bn,Ms.mus III.210 (20),yes,shelfmark suffix added,
530004312,Placare Christe servulis,,Hymns,H-Bn,Ms.mus III.210 (21),yes,shelfmark suffix added,
530004313,Jesu corona virginum,,Hymns,H-Bn,Ms.mus III.210 (22),yes,shelfmark suffix added,
530004314,Christus natus est nobis,,Hymns,H-Bn,Ms.mus III.210 (23),yes,shelfmark suffix added,
530004315,In dulci jubilo,,Sacred songs,H-Bn,Ms.mus III.210 (25),yes,shelfmark suffix added,
530004316,Puer natus in Bethlehem,,Hymns,H-Bn,Ms.mus III.210 (26),yes,shelfmark suffix added,
530004317,Jesu corona celsior,,Hymns,H-Bn,Ms.mus III.210 (27),yes,shelfmark suffix added,
530004318,Christo profusum sanguinem,,Hymns,H-Bn,Ms.mus III.210 (28),yes,shelfmark suffix added,
530004319,Ave maris stella,,Hymns,H-Bn,Ms.mus III.210 (29),yes,shelfmark suffix added,
530002167,Iste confessor,,Hymns,H-Bn,Ms.mus III.211 (1),yes,shelfmark suffix added,
530002168,Christe redemptor omnium,,Hymns,H-Bn,Ms.mus III.211 (2),yes,shelfmark suffix added,
530004266,Ave maris stella,,Hymns,H-Bn,Ms.mus III.212 (1),yes,shelfmark suffix added,
530004267,Exsultet orbis gaudiis,,Hymns,H-Bn,Ms.mus III.212 (2),yes,shelfmark suffix added,
530002154,Hostis Herodes impie,,Hymns,H-Bn,Ms.mus III.213,,,
530002155,Christe redemptor omnium,,Hymns,H-Bn,Ms.mus III.214,,,
530002156,Jam sol recedit igneus,,Hymns,H-Bn,Ms.mus III.215,,,
530002157,Salutis humanae sator,,Hymns,H-Bn,Ms.mus III.216,,,
530002158,Christe redemptor omnium,,Hymns,H-Bn,Ms.mus III.217,,,
530002159,Pange lingua,,Hymns,H-Bn,Ms.mus III.218,,,
530002160,Urbs Jerusalem beata,,Hymns,H-Bn,Ms.mus III.219,,,
530002161,Veni Creator Spiritus,,Hymns,H-Bn,Ms.mus III.220,,,
530002162,Jesu dulcis memoria,,Hymns,H-Bn,Ms.mus III.221,,,
530002163,Exsultet orbis gaudiis,,Hymns,H-Bn,Ms.mus III.222,,,
530002164,Jesu corona virginum,,Hymns,H-Bn,Ms.mus III.223,,,
530002101,Ave Maria klare du heller Morgenstern,,Antiphons,H-Bn,Ms.mus III.224,,,
530002102,Veni Sancte Spiritus,,Sacred songs,H-Bn,Ms.mus III.225,,,
530002103,Sub tuum praesidium,,Sacred songs,H-Bn,Ms.mus III.226,,,
530002104,Sub tuum praesidium,,Sacred songs,H-Bn,Ms.mus III.227,,,
530002105,Sub tuum praesidium,,Sacred songs,H-Bn,Ms.mus III.228,,,
530002106,Sub tuum praesidium,,Sacred songs,H-Bn,Ms.mus III.229,,,
530002107,Sub tuum praesidium,,Sacred songs,H-Bn,Ms.mus III.230,,,
530002108,Sub tuum praesidium,,Sacred songs,H-Bn,Ms.mus III.231,,,
530002109,Sub tuum praesidium,,Sacred songs,H-Bn,Ms.mus III.232,,,
530002110,Sub tuum praesidium,,Sacred songs,H-Bn,Ms.mus III.233,,,
530002111,Sub tuum praesidium,,Sacred songs,H-Bn,Ms.mus III.234,,,
530002112,Sub tuum praesidium,,Sacred songs,H-Bn,Ms.mus III.235,,Same as Ms.mus III.237,
530002113,Sub tuum praesidium,,Sacred songs,H-Bn,Ms.mus III.236,,,
530002114,Sub tuum praesidium,,Sacred songs,H-Bn,Ms.mus III.238,,,
530002115,Sub tuum praesidium,,Sacred songs,H-Bn,Ms.mus III.239,,,
530002116,Sub tuum praesidium,,Sacred songs,H-Bn,Ms.mus III.240,,,
530002117,Sub tuum praesidium,,Sacred songs,H-Bn,Ms.mus III.241,,,
530002118,Sub tuum praesidium,,Sacred songs,H-Bn,Ms.mus III.242,,,
530002119,Sub tuum praesidium,,Sacred songs,H-Bn,Ms.mus III.243,,,
530002120,Sub tuum praesidium,,Sacred songs,H-Bn,Ms.mus III.244,,,
530002121,Sub tuum praesidium,,Sacred songs,H-Bn,Ms.mus III.245,,,
530002122,Sub tuum praesidium,,Sacred songs,H-Bn,Ms.mus III.246,,,
530002123,Sub tuum praesidium,,Sacred songs,H-Bn,Ms.mus III.247,,,
530002125,Sub tuum praesidium,,Sacred songs,H-Bn,Ms.mus III.248,,,
530002124,Sub tuum praesidium,,Sacred songs,H-Bn,Ms.mus III.249,,,
530003588,O Mutter meines Herren,,Duets (voc.),H-Bn,Ms.mus III.250,,,
530002126,Sub tuum praesidium,,Sacred songs,H-Bn,Ms.mus III.251,,,
530002127,Sub tuum praesidium,,Sacred songs,H-Bn,Ms.mus III.252,,,
530002128,Sub tuum praesidium,,Sacred songs,H-Bn,Ms.mus III.253,,,
530002129,Sub tuum praesidium,,Sacred songs,H-Bn,Ms.mus III.254,,,
530002130,Sub tuum praesidium,,Sacred songs,H-Bn,Ms.mus III.255,,,
530002131,Sub tuum praesidium,,Sacred songs,H-Bn,Ms.mus III.256,,,
530002132,Sub tuum praesidium,,Sacred songs,H-Bn,Ms.mus III.257,,,
530002135,Te Deum,,Hymns,H-Bn,Ms.mus III.258,,,
530002134,Te Deum,,Hymns,H-Bn,Ms.mus III.259,,,
530002133,Te Deum,,Hymns,H-Bn,Ms.mus III.260,,,
530003590,Memento Domine David,,Psalms,H-Bn,Ms.mus III.261 (1),yes,shelfmark suffix added,
530003591,Confitebor tibi Domine,,Psalms,H-Bn,Ms.mus III.261 (2),yes,shelfmark suffix added,
530003593,Credidi,,Psalms,H-Bn,Ms.mus III.262 (1),yes,shelfmark suffix added,
530003594,Beati omnes,,Sacred songs,H-Bn,Ms.mus III.262 (2),yes,shelfmark suffix added,
530003595,Lauda Jerusalem,,Psalms,H-Bn,Ms.mus III.262 (3),yes,shelfmark suffix added,
530003596,Beati omnes,,Psalms,H-Bn,Ms.mus III.263,,,
530003597,Miserere,,Psalms,H-Bn,Ms.mus III.264/a,,,
530003598,Miserere,,Psalms,H-Bn,Ms.mus III.264/b,,,
530003599,Sacred songs,,Responsories,H-Bn,Ms.mus III.265,,,
530003600,3 Lamentations,,Lamentations,H-Bn,Ms.mus III.266,,,
530003601,3 Lamentations,,Lamentations,H-Bn,Ms.mus III.267,,,
530003602,3 Lamentations,,Lamentations,H-Bn,Ms.mus III.268,,,
530004397,Sonatas,,Sonatas,H-Bn,Ms.mus III.269,,,
530003603,Sonatas,,Trio sonatas,H-Bn,Ms.mus III.270,,,
530003604,Sonatas,,Trio sonatas,H-Bn,Ms.mus III.271,,,
530003605,Sonatas,,Trio sonatas,H-Bn,Ms.mus III.272,,,
530003606,Symphonies,,Symphonies,H-Bn,Ms.mus III.273,,,
530003607,Sonatas,,Trio sonatas,H-Bn,Ms.mus III.274,,,
530003608,Sonatas,,Trio sonatas,H-Bn,Ms.mus III.275,,,
530003609,Sonatas,,Trio sonatas,H-Bn,Ms.mus III.276,,,
530003610,Sonatas,,Sonatas,H-Bn,Ms.mus III.277,,,
530003611,Sonatas,,Trio sonatas,H-Bn,Ms.mus III.278,,,
530004551,Sonatas,,Sonatas,H-Bn,Ms.mus III.279,,,
530004533,Sonatas,,Sonatas,H-Bn,Ms.mus III.280,,,
530003612,Sonatas,,Trio sonatas,H-Bn,Ms.mus III.281,,,
530003613,Sonatas,,Trio sonatas,H-Bn,Ms.mus III.282,,,
530003614,Sonatas,,Sonatas,H-Bn,Ms.mus III.283,,,
530003615,Sonatas,,Trio sonatas,H-Bn,Ms.mus III.284,,,
530003616,Sonatas,,Trio sonatas,H-Bn,Ms.mus III.285,,,
530003617,Pastorales,,Pastorales (inst.),H-Bn,Ms.mus III.286,,,
530003618,Pastorales,,Pastorales (inst.),H-Bn,Ms.mus III.287,,,
530003619,Pastorales,,Pastorales (inst.),H-Bn,Ms.mus III.288,,,
530003620,Pastorales,,Pastorales (inst.),H-Bn,Ms.mus III.289,,,
530003621,Pastorales,,Pastorales (inst.),H-Bn,Ms.mus III.290,,,
530003622,Pastorales,,Pastorales (inst.),H-Bn,Ms.mus III.291,,,
530003623,Pastorales,,Pastorales (inst.),H-Bn,Ms.mus III.292,,,
530003624,Pastorales,,Pastorales (inst.),H-Bn,Ms.mus III.293,,,
530003625,Pastorales,,Pastorales (inst.),H-Bn,Ms.mus III.294,,,
530003626,Pastorales,,Pastorales (inst.),H-Bn,Ms.mus III.295,,,
530003627,Pastorales,,Pastorales (inst.),H-Bn,Ms.mus III.296,,,
530003628,Pastorales,,Pastorales (inst.),H-Bn,Ms.mus III.297,,,
530003629,Pastorales,,Pastorales (inst.),H-Bn,Ms.mus III.298,,,
530003630,Pastorales,,Pastorales (inst.),H-Bn,Ms.mus III.299,,,
530003631,Pastorales,,Pastorales (inst.),H-Bn,Ms.mus III.300,,,
530003632,Pastorales,,Pastorales (inst.),H-Bn,Ms.mus III.301,,,
530003633,Pastorales,,Pastorales (inst.),H-Bn,Ms.mus III.302,,,
530003634,Pastorales,,Pastorales (inst.),H-Bn,Ms.mus III.303,,,
530003635,Pastorales,,Pastorales (inst.),H-Bn,Ms.mus III.304,,,
530003636,Concertos,,Concertos,H-Bn,Ms.mus III.305,,,
530003637,Lasset alle Ketzer schwärmen,,Sacred songs,H-Bn,Ms.mus III.306,,,
530003638,Gleichwie der Lilien,,Arias (voc.),H-Bn,Ms.mus III.307,,,
530003639,Gleichwie der reine Himmelstau,,Sacred songs,H-Bn,Ms.mus III.308,,,
530003640,Wer Mariam recht will lieben,,Sacred songs,H-Bn,Ms.mus III.309,,,
530003641,Was helfen mir weltliche Freuden,,Sacred songs,H-Bn,Ms.mus III.310,,,
530003642,Alle die Verlangen tragen,,Arias (voc.),H-Bn,Ms.mus III.311,,,
530003643,Beglückter Edens Garten,,Sacred songs,H-Bn,Ms.mus III.312,,,
530003644,Alle Welt ist nun betranget,,Sacred songs,H-Bn,Ms.mus III.313,,,
530003645,Heut muß jene Sonne weichen,,Sacred songs,H-Bn,Ms.mus III.314,,,
530003647,Hier lieg' ich in der Bahr',Mein' Seel' steh auf und schrei,Sacred songs,H-Bn,Ms.mus III.315,,,
530003646,Erbarmet euch ihr Freunde,,Sacred songs,H-Bn,Ms.mus III.316,,,
530003648,Tauet ihr Himmel und triefet herab,,Sacred songs,H-Bn,Ms.mus III.317,,,
530004550,Arias,,Arias (voc.),H-Bn,Ms.mus III.318,,,
530003649,Schönste Jungfrau,,Sacred songs,H-Bn,Ms.mus III.319,,,
530003650,Heut trat der Jacobs Stern,,Sacred songs,H-Bn,Ms.mus III.320,,,
530003651,Laßt ab von euren Trauern,,Sacred songs,H-Bn,Ms.mus III.321,,,
530003652,Die barmherzige Mutter und der zornige Richter,,Sacred songs,H-Bn,Ms.mus III.322,,,
530003653,Ich will treulich dir beistehen,,Sacred songs,H-Bn,Ms.mus III.323,,,
530003654,Wer bist du doch mein Mensch,,Sacred songs,H-Bn,Ms.mus III.324,,,
530003655,O du Zierde der Jungfrauen,,Sacred songs,H-Bn,Ms.mus III.325,,,
530003656,Blitz Hagel Mordgetümmel,,Sacred songs,H-Bn,Ms.mus III.326,,,
530003657,O Maria treib von dannen,,Sacred songs,H-Bn,Ms.mus III.327,,,
530003658,Du vielgeliebtes Vaterland,,Sacred songs,H-Bn,Ms.mus III.328,,,
530003659,Ihr blumenreichen Felder,,Sacred songs,H-Bn,Ms.mus III.329,,,
530003660,Der Nachtwächter,,Sacred songs,H-Bn,Ms.mus III.330,,,
530003663,O längst erwünschte Nacht,,Sacred songs,H-Bn,Ms.mus III.331,,,
530003661,So soll ich dan anheut,,Sacred songs,H-Bn,Ms.mus III.332,,,
530003664,Laufet ihr Hirten,,Sacred songs,H-Bn,Ms.mus III.333,,,
530003662,Anheut ist die Zeit so alle erfreut,,Sacred songs,H-Bn,Ms.mus III.334,,,
530003665,Wie gehts nä in dä Weld hiez zue,,Sacred songs,H-Bn,Ms.mus III.335,,,
530003666,Wer da,,Sacred songs,H-Bn,Ms.mus III.336,,,
530003667,Ehr' sei Gott in dem höchsten Thron,Hirtenlied,Sacred songs,H-Bn,Ms.mus III.337,,,
530003668,Ihr Hürten ich mueß euch was Wunderbahrs sagen,,Sacred songs,H-Bn,Ms.mus III.338,,,
530003669,Gloria,,Sacred songs,H-Bn,Ms.mus III.339,,,
530003671,Kaum war die große Weld Machin,,Sacred songs,H-Bn,Ms.mus III.340,,,
530003670,Pange lingua,,Sacred songs,H-Bn,Ms.mus III.341,yes,added,
530003672,Ecce quomodo,,Sacred songs,H-Bn,Ms.mus III.342,yes,added, by Gallus
530003673,Alma redemptoris mater,,Antiphons,H-Bn,Ms.mus III.343,yes,added,
530003674,Vidi aquam,,Sacred songs,H-Bn,Ms.mus III.344,yes,added, by Deutsch
530012460,Ave regina,,Antiphons,H-Gk,"AMC, Ant. 23.",,,
530012581,Masses,,Masses,H-Gk,"AMC, Miss. 10.",,,
530012304,Alma redemptoris mater,,Sacred songs,H-Gk,"AMC, W. 64.",,,
530012305,Alma redemptoris mater,,Sacred songs,H-Gk,"AMC, W. 65.",,,
530012306,Alma redemptoris mater,,Sacred songs,H-Gk,"AMC, W. 66.",,,
530012307,Alma redemptoris mater,,Sacred songs,H-Gk,"AMC, W. 67.",,,
530012308,Ave regina,,Sacred songs,H-Gk,"AMC, W. 68.",,,
530012309,Ave regina,,Sacred songs,H-Gk,"AMC, W. 69.",,,
530012310,Ave regina,,Sacred songs,H-Gk,"AMC, W. 70.",,,
530012311,Ave regina,,Sacred songs,H-Gk,"AMC, W. 71.",,,
530012314,Ad te Domine levavi,,Graduals,H-Gk,"AMC, W. 72.",,,
530012315,Introibo in domum tuam,,Graduals,H-Gk,"AMC, W. 73.",,,
530012316,29 Sacred songs,,,H-Gk,"AMC, W. 74.",,,
530012317,Exsultet caelum laudibus,,Hymns,H-Gk,"AMC, W. 74.",,,
530012318,Exsultet orbis gaudiis,,Hymns,H-Gk,"AMC, W. 74.",,,
530012319,Vexilla regis,,Hymns,H-Gk,"AMC, W. 74.",,,
530012320,Tibi Christe splendor patris,,Hymns,H-Gk,"AMC, W. 74.",,,
530012321,Jesu corona virginum,,Hymns,H-Gk,"AMC, W. 74.",,,
530012322,Iste confessor,,Hymns,H-Gk,"AMC, W. 74.",,,
530012323,Ave maris stella,,Hymns,H-Gk,"AMC, W. 74.",,,
530012324,Christe redemptor omnium,,Hymns,H-Gk,"AMC, W. 74.",,,
530012325,Iste confessor Domini,,Hymns,H-Gk,"AMC, W. 74.",,,
530012326,Christe redemptor omnium,,Hymns,H-Gk,"AMC, W. 74.",,,
530012327,Deus tuorum militum,,Hymns,H-Gk,"AMC, W. 74.",,,
530012328,Salvete flores martyrum,,Hymns,H-Gk,"AMC, W. 74.",,,
530012329,Hostis Herodes impie,,Hymns,H-Gk,"AMC, W. 74.",,,
530012330,Doctor egregie Paule,,Hymns,H-Gk,"AMC, W. 74.",,,
530012331,Jesu dulcis memoria,,Hymns,H-Gk,"AMC, W. 74.",,,
530012332,Urbs Jerusalem beata,,Hymns,H-Gk,"AMC, W. 74.",,,
530012333,Tristes erant apostoli,,Hymns,H-Gk,"AMC, W. 74.",,,
530012334,Salutis humanae sator,,Hymns,H-Gk,"AMC, W. 74.",,,
530012335,Veni Creator Spiritus,,Hymns,H-Gk,"AMC, W. 74.",,,
530012336,Jam sol recedit igneus,,Hymns,H-Gk,"AMC, W. 74.",,,
530012337,Pange lingua,,Hymns,H-Gk,"AMC, W. 74.",,,
530012338,Ut queant laxis resonare fibris,,Hymns,H-Gk,"AMC, W. 74.",,,
530012339,Pater superni luminis,,Hymns,H-Gk,"AMC, W. 74.",,,
530012340,Quicumque Christum quaeritis,,Hymns,H-Gk,"AMC, W. 74.",,,
530012341,Fortem virili pectore,,Hymns,H-Gk,"AMC, W. 74.",,,
530012342,Christus natus est nobis,,Hymns,H-Gk,"AMC, W. 74.",,,
530012343,Jesu redemptor,,Hymns,H-Gk,"AMC, W. 74.",,,
530012344,In dulci jubilo,,Sacred songs,H-Gk,"AMC, W. 74.",,,
530012345,Puer natus in Bethlehem,,Sacred songs,H-Gk,"AMC, W. 74.",,,
530012346,29 Sacred songs,,,H-Gk,"AMC, W. 75.",,,
530012347,Ave maris stella,,Hymns,H-Gk,"AMC, W. 75.",,,
530012348,Exsultet orbis gaudiis,,Hymns,H-Gk,"AMC, W. 75.",,,
530012349,Iste confessor,,Hymns,H-Gk,"AMC, W. 75.",,,
530012350,Christe redemptor omnium,,Hymns,H-Gk,"AMC, W. 75.",,,
530012351,Deus tuorum,,Hymns,H-Gk,"AMC, W. 75.",,,
530012352,Crudelis Herodes,,Hymns,H-Gk,"AMC, W. 75.",,,
530012353,Jesu dulcis memoria,,Hymns,H-Gk,"AMC, W. 75.",,,
530012354,Egregie doctor Paule,,Hymns,H-Gk,"AMC, W. 75.",,,
530012355,Caelestis urbs Jerusalem,,Hymns,H-Gk,"AMC, W. 75.",,,
530012356,Tristes erant apostoli,,Hymns,H-Gk,"AMC, W. 75.",,,
530012357,Vexilla regis,,Hymns,H-Gk,"AMC, W. 75.",,,
530012358,Salutis humanae sator,,Hymns,H-Gk,"AMC, W. 75.",,,
530012359,Veni Creator Spiritus,,Hymns,H-Gk,"AMC, W. 75.",,,
530012360,Jam sol recedit igneus,,Hymns,H-Gk,"AMC, W. 75.",,,
530012361,Pange lingua gloriosi,,Hymns,H-Gk,"AMC, W. 75.",,,
530012362,Ut queant laxis resonare fibris,,Hymns,H-Gk,"AMC, W. 75.",,,
530012363,Pater superni luminis,,Hymns,H-Gk,"AMC, W. 75.",,,
530012364,Fortem virili pectore,,Hymns,H-Gk,"AMC, W. 75.",,,
530012365,Quicumque Christum quaeritis,,Hymns,H-Gk,"AMC, W. 75.",,,
530012366,Tibi Christe splendor patris,,Hymns,H-Gk,"AMC, W. 75.",,,
530012367,Placare Christe servulis,,Hymns,H-Gk,"AMC, W. 75.",,,
530012368,Jesu corona virginum,,Hymns,H-Gk,"AMC, W. 75.",,,
530012369,Christus natus est nobis,,Hymns,H-Gk,"AMC, W. 75.",,,
530012370,Jesu redemptor omnium,,Hymns,H-Gk,"AMC, W. 75.",,,
530012371,In dulci jubilo,,Sacred songs,H-Gk,"AMC, W. 75.",,,
530012372,Puer natus in Betlehem,,Sacred songs,H-Gk,"AMC, W. 75.",,,
530012373,Jesu corona celsior,,Hymns,H-Gk,"AMC, W. 75.",,,
530012374,Christo profusum sanguinem,,Hymns,H-Gk,"AMC, W. 75.",,,
530012375,Ave maris stella,,Hymns,H-Gk,"AMC, W. 75.",,,
530012376,Litanies,Litaniae Lauretanae,Litanies,H-Gk,"AMC, W. 76.",,,
530012378,Litanies,Litaniae Lauretanae,Litanies,H-Gk,"AMC, W. 77.",,,
530012377,Litanies,Litaniae Lauretanae,Litanies,H-Gk,"AMC, W. 78.",,,
530012381,Litanies,Litaniae Lauretanae,Litanies,H-Gk,"AMC, W. 79.",,,
530012379,Litanies,,Litanies,H-Gk,"AMC, W. 80.",,,
530012380,Litanies,Litaniae Lauretanae,Litanies,H-Gk,"AMC, W. 81.",,,
530012312,Masses,,Masses,H-Gk,"AMC, W. 82.",,,
530012382,Masses,Messa Pacem deposcimus omnes,Masses,H-Gk,"AMC, W. 83.",,,
530012383,Masses,,Masses,H-Gk,"AMC, W. 84.",,,
530012385,Masses,Missa solitaria,Masses,H-Gk,"AMC, W. 85.",,,
530012384,Masses,Missa S Floriani Martyris,Masses,H-Gk,"AMC, W. 86.",,,
530012386,Qui manducat,,Offertories,H-Gk,"AMC, W. 87.",,,
530012387,Regina caeli,,Sacred songs,H-Gk,"AMC, W. 88.",,,
530012388,Regina caeli,,Sacred songs,H-Gk,"AMC, W. 89.",,,
530012389,Regina caeli,,Sacred songs,H-Gk,"AMC, W. 90.",,,
530012390,Regina caeli,,Sacred songs,H-Gk,"AMC, W. 91.",,,
530012391,Regina caeli,,Sacred songs,H-Gk,"AMC, W. 92.",,,
530012392,Requiems,,Requiems,H-Gk,"AMC, W. 93.",,,
530012393,Requiems,,Requiems,H-Gk,"AMC, W. 94.",,,
530012395,Rorate caeli,,Sacred songs,H-Gk,"AMC, W. 95.",,,
530012394,Rorate caeli,,Sacred songs,H-Gk,"AMC, W. 96.",,,
530012397,Salve regina,,Sacred songs,H-Gk,"AMC, W. 97.",,,
530012398,Salve regina,,Sacred songs,H-Gk,"AMC, W. 98.",,,
530012396,Salve regina,,Sacred songs,H-Gk,"AMC, W. 99.",,,
530012399,Te Deum,,Hymns,H-Gk,"AMC, W. 100.",,,
530012400,Te Deum,,Hymns,H-Gk,"AMC, W. 101.",,,
530012401,Vespers,,Vespers,H-Gk,"AMC, W. 102.",,,
530012402,Vespers,,Vespers,H-Gk,"AMC, W. 103.",,,
530012403,Vespers,,Vespers,H-Gk,"AMC, W. 104.",,,
530004560,Regina caeli,,Antiphons,H-K,Ms.748,,,
530004561,Regina caeli,,Antiphons,H-K,Ms.748/a,yes,added manually,
530002909,Justus germinabit,,Motets,H-P,W 19,,,
1001023506,2 Rorate caeli,,,H-Sp,"Vpl, a) 4",,,
1001023508,Rorate caeli,,Sacred songs,H-Sp,"Vpl, a) 4",,,
1001023510,Rorate caeli,,Sacred songs,H-Sp,"Vpl, a) 4",,,
1001023178,Rorate caeli,,Sacred songs,H-Sp,"Vpl, a) 6",,,
1001023177,Ave regina,,Sacred songs,H-Sp,"Vpl, a) 11",,,
1001023182,Te Deum,,Hymns,H-Sp,"Vpl, a) 18",,,
1001023179,Salve regina,,Sacred songs,H-Sp,"Vpl, a) 45",,,
1001023181,Salve regina,,Sacred songs,H-Sp,"Vpl, a) 46",,,
1001023180,Salve regina,,Sacred songs,H-Sp,"Vpl, b) 24",,,
1001023589,2 Salve regina,,,H-Sp,"Vpl, b) 24",,,
1001023592,Salve regina,,Sacred songs,H-Sp,"Vpl, b) 24",,,
1001023593,Salve regina,,Sacred songs,H-Sp,"Vpl, b) 24",,,
530003845,Christe redemptor omnium,,Hymns,H-VEs,Hymnus 112 a-b,,,
530003846,Christe redemptor omnium,,Hymns,H-VEs,Hymnus 112 a-b,,,
530003847,Crudelis Herodes Deum,,Hymns,H-VEs,Hymnus 112 a-b,,,
530003848,Hostis Herodes impie,,Hymns,H-VEs,Hymnus 112 a-b,,,
530003849,Jesu dulcis memoria,,Hymns,H-VEs,Hymnus 112 a-b,,,
530003850,Doctor egregie Paule,,Hymns,H-VEs,Hymnus 112 a-b,,,
530003851,Ecce panis angelorum,,Hymns,H-VEs,Hymnus 112 a-b,,,
530003852,Tristes erant apostoli,,Hymns,H-VEs,Hymnus 112 a-b,,,
530003853,Salutis humanae sator,,Hymns,H-VEs,Hymnus 112 a-b,,,
530003854,Salutis humanae sator,,Hymns,H-VEs,Hymnus 112 a-b,,,
530003855,Pange lingua,,Hymns,H-VEs,Hymnus 112 a-b,,,
530003856,Veni Creator Spiritus,,Hymns,H-VEs,Hymnus 112 a-b,,,
530003857,Ut queant laxis resonare fibris,,Hymns,H-VEs,Hymnus 112 a-b,,,
530003858,Ut queant laxis resonare fibris,,Hymns,H-VEs,Hymnus 112 a-b,,,
530003859,Veni Creator Spiritus,,Hymns,H-VEs,Hymnus 112 a-b,,,
530003860,Jam sol recedit igneus,,Hymns,H-VEs,Hymnus 112 a-b,,,
530003861,Pater superni luminis,,Hymns,H-VEs,Hymnus 112 a-b,,,
530003862,Salvete flores martyrum,,Hymns,H-VEs,Hymnus 112 a-b,,,
530003863,Tibi Christe splendor patris,,Hymns,H-VEs,Hymnus 112 a-b,,,
530003864,Christe redemptor omnium,,Hymns,H-VEs,Hymnus 112 a-b,,,
530003865,Placare Christe servulis,,Hymns,H-VEs,Hymnus 112 a-b,,,
530003866,Quicumque Christum quaeritis,,Hymns,H-VEs,Hymnus 112 a-b,,,
530003867,Urbs Jerusalem beata,,Hymns,H-VEs,Hymnus 112 a-b,,,
530003868,Caelestis urbs Jerusalem,,Hymns,H-VEs,Hymnus 112 a-b,,,
530003869,Exsultet orbis gaudiis,,Hymns,H-VEs,Hymnus 112 a-b,,,
530003870,Exsultet orbis gaudiis,,Hymns,H-VEs,Hymnus 112 a-b,,,
530003871,Exsultet orbis gaudiis,,Hymns,H-VEs,Hymnus 112 a-b,,,
530003872,Iste confessor,,Hymns,H-VEs,Hymnus 112 a-b,,,
530003873,Iste confessor,,Hymns,H-VEs,Hymnus 112 a-b,,,
530003874,Iste confessor,,Hymns,H-VEs,Hymnus 112 a-b,,,
530003875,Deus tuorum militum,,Hymns,H-VEs,Hymnus 112 a-b,,,
530003876,Ave maris stella,,Hymns,H-VEs,Hymnus 112 a-b,,,
530003877,Ave maris stella,,Hymns,H-VEs,Hymnus 112 a-b,,,
530003878,Jesu corona virginum,,Hymns,H-VEs,Hymnus 112 a-b,,,
530003879,Ave maris stella,,Hymns,H-VEs,Hymnus 112 a-b,,,
530003880,Fortem virili pectore,,Hymns,H-VEs,Hymnus 112 a-b,,,
530003881,Vexilla regis prodeunt,,Hymns,H-VEs,Hymnus 112 a-b,,,
530003882,Vexilla regis prodeunt,,Hymns,H-VEs,Hymnus 112 a-b,,,
530003883,Lucis Creator optime,,Hymns,H-VEs,Hymnus 112 a-b,,,
530003884,Te lucis ante terminum,,Hymns,H-VEs,Hymnus 112 a-b,,,
530001326,Litanies,,Litanies,H-VEs,Lit.21,,,
530001327,In te Domine speravi,,Offertories,H-VEs,Off.122,,,
530001331,Requiems,,Requiems,H-VEs,Requ.26,,,
530001332,Vespers,,Vespers,H-VEs,Vesp.44,,,
530001337,Vespers,,Vespers,H-VEs,Vesp.45,,,
530001334,Vespers,,Vespers,H-VEs,Vesp.46,,,
530001335,Vespers,,Vespers,H-VEs,Vesp.47,,,
530001340,Vespers,,Vespers,H-VEs,Vesp.48,,,
530001346,Vespers,,Vespers,H-VEs,Vesp.49,,,
530001341,Vespers,,Vespers,H-VEs,Vesp.50,,,
530001342,Vespers,,Vespers,H-VEs,Vesp.51,,,
530001343,Vespers,,Vespers,H-VEs,Vesp.52,,,
530001344,Vespers,,Vespers,H-VEs,Vesp.53,,,
530001345,Vespers,,Vespers,H-VEs,Vesp.54,,,
530001336,Vespers,,Vespers,H-VEs,Vesp.55,,,
530001339,Vespers,,Vespers,H-VEs,Vesp.56,,,
530001338,Vespers,,Vespers,H-VEs,Vesp.57,,,
530001333,Vespers,,Vespers,H-VEs,Vesp.58,,,
530001328,Beati omnes,,Sacred songs,H-VEs,Vesp.59,,,
530001329,Confitebor tibi Domine,,Sacred songs,H-VEs,Vesp.59,,,
530001330,Memento Domine David,,Psalms,H-VEs,Vesp.59,,,
990068293,Partitas,,Partitas,J-Tma,(n.i.),yes,added manually,
990068295,6 Fugues,,Fugues (inst.),RUS-Mrg,(n.i.),yes,added manually,
990068295,6 Fugues,,Fugues (inst.),US-DMu,269477,yes,added manually,
990068295,6 Fugues,,Fugues (inst.),US-NYp,(n.i.),yes,added manually,
